id,charid,gameid,game_ver,gif_id,input_type,input_dir,seq_num,seq_dir,description,inputs,links_to,links_from,movetype,total_frames,active_start,active_end,hit_start,hit_end,hit_second_start,hit_second_end,hit_third_start,hit_third_end,hit_fourth_start,hit_fourth_end,iasa,charge_frame,invincible_start,invincible_end,landlag,lcancel,auto_cancelable,auto_cancel_start,auto_cancel_end,grab_start,grab_end,lag_on_release,reflects,reflect_start,reflect_end,reflection_lag,jcable,grounded,misc,created_at,updated_at
1,1,0,0,1790,1,3,,,Down B (Air),,0,0,0,0,0,0,0,0,0,0,0,0,0,0,0,0,0,0,0,0,0,0,0,0,0,0,0,0,0,0,0,0,,0000-00-00 00:00:00,0000-00-00 00:00:00
2,1,0,0,1788,1,1,,,Up B (Air),,0,0,0,0,0,0,0,0,0,0,0,0,0,0,0,0,0,0,0,0,0,0,0,0,0,0,0,0,0,0,0,0,,0000-00-00 00:00:00,0000-00-00 00:00:00
3,1,0,0,1789,4,1,,,Up B (Ground),,0,0,0,0,0,0,0,0,0,0,0,0,0,0,0,0,0,0,0,0,0,0,0,0,0,0,0,0,0,0,0,0,,0000-00-00 00:00:00,0000-00-00 00:00:00
4,1,0,0,1787,4,3,,,Down B (Ground),,0,0,0,0,0,0,0,0,0,0,0,0,0,0,0,0,0,0,0,0,0,0,0,0,0,0,0,0,0,0,0,0,,0000-00-00 00:00:00,0000-00-00 00:00:00
5,1,0,0,638,4,2,,,Forward B,,0,0,0,0,0,0,0,0,0,0,0,0,0,0,0,0,0,0,0,0,0,0,0,0,0,0,0,0,0,0,0,0,,0000-00-00 00:00:00,0000-00-00 00:00:00
6,1,0,0,639,5,5,1,,Jab 1,,0,0,1,0,0,0,0,0,0,0,0,0,0,0,0,0,0,0,0,0,0,0,0,0,0,0,0,0,0,0,0,0,,0000-00-00 00:00:00,0000-00-00 00:00:00
7,1,0,0,640,5,5,2,,Jab 2,,0,0,1,0,0,0,0,0,0,0,0,0,0,0,0,0,0,0,0,0,0,0,0,0,0,0,0,0,0,0,0,0,,0000-00-00 00:00:00,0000-00-00 00:00:00
8,1,0,0,644,3,2,,,Forward Tilt Low,,0,0,2,0,0,0,0,0,0,0,0,0,0,0,0,0,0,0,0,0,0,0,0,0,0,0,0,0,0,0,0,0,,0000-00-00 00:00:00,0000-00-00 00:00:00
9,1,0,0,643,3,2,,,Forward Tilt High,,0,0,2,0,0,0,0,0,0,0,0,0,0,0,0,0,0,0,0,0,0,0,0,0,0,0,0,0,0,0,0,0,,0000-00-00 00:00:00,0000-00-00 00:00:00
10,1,0,0,642,3,2,,,Forward Tilt,,0,0,2,0,0,0,0,0,0,0,0,0,0,0,0,0,0,0,0,0,0,0,0,0,0,0,0,0,0,0,0,0,,0000-00-00 00:00:00,0000-00-00 00:00:00
11,1,0,0,645,3,1,,,Up Tilt,,0,0,2,0,0,0,0,0,0,0,0,0,0,0,0,0,0,0,0,0,0,0,0,0,0,0,0,0,0,0,0,0,,0000-00-00 00:00:00,0000-00-00 00:00:00
12,1,0,0,641,3,3,,,Down Tilt,,0,0,2,0,0,0,0,0,0,0,0,0,0,0,0,0,0,0,0,0,0,0,0,0,0,0,0,0,0,0,0,0,,0000-00-00 00:00:00,0000-00-00 00:00:00
13,1,0,0,648,2,1,,,Up Smash,,0,0,3,0,0,0,0,0,0,0,0,0,0,0,0,0,0,0,0,0,0,0,0,0,0,0,0,0,0,0,0,0,,0000-00-00 00:00:00,0000-00-00 00:00:00
14,1,0,0,647,2,2,,,Forward Smash,,0,0,3,0,0,0,0,0,0,0,0,0,0,0,0,0,0,0,0,0,0,0,0,0,0,0,0,0,0,0,0,0,,0000-00-00 00:00:00,0000-00-00 00:00:00
15,1,0,0,646,2,3,,,Down Smash,,0,0,3,0,0,0,0,0,0,0,0,0,0,0,0,0,0,0,0,0,0,0,0,0,0,0,0,0,0,0,0,0,,0000-00-00 00:00:00,0000-00-00 00:00:00
16,1,0,0,653,1,1,,,Up Air,,0,0,4,0,0,0,0,0,0,0,0,0,0,0,0,0,0,0,0,0,0,0,0,0,0,0,0,0,0,0,0,0,,0000-00-00 00:00:00,0000-00-00 00:00:00
17,1,0,0,652,1,0,,,Neutral Air,,0,0,4,0,0,0,0,0,0,0,0,0,0,0,0,0,0,0,0,0,0,0,0,0,0,0,0,0,0,0,0,0,,0000-00-00 00:00:00,0000-00-00 00:00:00
18,1,0,0,650,1,3,,,Down Air,,0,0,4,0,0,0,0,0,0,0,0,0,0,0,0,0,0,0,0,0,0,0,0,0,0,0,0,0,0,0,0,0,,0000-00-00 00:00:00,0000-00-00 00:00:00
19,1,0,0,649,1,4,,,Back Air,,0,0,4,0,0,0,0,0,0,0,0,0,0,0,0,0,0,0,0,0,0,0,0,0,0,0,0,0,0,0,0,0,,0000-00-00 00:00:00,0000-00-00 00:00:00
20,1,0,0,651,1,2,,,Forward Air,,0,0,4,0,0,0,0,0,0,0,0,0,0,0,0,0,0,0,0,0,0,0,0,0,0,0,0,0,0,0,0,0,,0000-00-00 00:00:00,0000-00-00 00:00:00
21,1,0,0,654,6,5,,,Dash Attack,,0,0,5,0,0,0,0,0,0,0,0,0,0,0,0,0,0,0,0,0,0,0,0,0,0,0,0,0,0,0,0,0,,0000-00-00 00:00:00,0000-00-00 00:00:00
22,1,0,0,655,7,2,,,Running Grab,,0,0,5,0,0,0,0,0,0,0,0,0,0,0,0,0,0,0,0,0,0,0,0,0,0,0,0,0,0,0,0,0,,0000-00-00 00:00:00,0000-00-00 00:00:00
23,1,0,0,656,7,0,,,Standing Grab,,0,0,5,0,0,0,0,0,0,0,0,0,0,0,0,0,0,0,0,0,0,0,0,0,0,0,0,0,0,0,0,0,,0000-00-00 00:00:00,0000-00-00 00:00:00
24,1,0,0,658,8,5,,,Dodge,,0,0,6,0,0,0,0,0,0,0,0,0,0,0,0,0,0,0,0,0,0,0,0,0,0,0,0,0,0,0,0,0,,0000-00-00 00:00:00,0000-00-00 00:00:00
25,1,0,0,657,1,5,,,Air Dodge,,0,0,6,0,0,0,0,0,0,0,0,0,0,0,0,0,0,0,0,0,0,0,0,0,0,0,0,0,0,0,0,0,,0000-00-00 00:00:00,0000-00-00 00:00:00
26,1,0,0,659,9,2,,,Forward Roll,,0,0,6,0,0,0,0,0,0,0,0,0,0,0,0,0,0,0,0,0,0,0,0,0,0,0,0,0,0,0,0,0,,0000-00-00 00:00:00,0000-00-00 00:00:00
27,2,0,0,662,5,5,3,,Jab 3,,0,0,1,0,0,0,0,0,0,0,0,0,0,0,0,0,0,0,0,0,0,0,0,0,0,0,0,0,0,0,0,0,,0000-00-00 00:00:00,0000-00-00 00:00:00
28,2,0,0,661,5,5,2,,Jab 2,,0,0,1,0,0,0,0,0,0,0,0,0,0,0,0,0,0,0,0,0,0,0,0,0,0,0,0,0,0,0,0,0,,0000-00-00 00:00:00,0000-00-00 00:00:00
29,2,0,0,663,3,2,,,Forward Tilt High,,0,0,2,0,0,0,0,0,0,0,0,0,0,0,0,0,0,0,0,0,0,0,0,0,0,0,0,0,0,0,0,0,,0000-00-00 00:00:00,0000-00-00 00:00:00
30,2,0,0,664,3,2,,,Forward Tilt Low,,0,0,2,0,0,0,0,0,0,0,0,0,0,0,0,0,0,0,0,0,0,0,0,0,0,0,0,0,0,0,0,0,,0000-00-00 00:00:00,0000-00-00 00:00:00
31,2,0,0,665,3,1,,,Up Tilt,,0,0,2,0,0,0,0,0,0,0,0,0,0,0,0,0,0,0,0,0,0,0,0,0,0,0,0,0,0,0,0,0,,0000-00-00 00:00:00,0000-00-00 00:00:00
32,2,0,0,668,1,2,,,Forward Air,,0,0,4,0,0,0,0,0,0,0,0,0,0,0,0,0,0,0,0,0,0,0,0,0,0,0,0,0,0,0,0,0,,0000-00-00 00:00:00,0000-00-00 00:00:00
33,2,0,0,670,1,5,,,Air Dodge,,0,0,6,0,0,0,0,0,0,0,0,0,0,0,0,0,0,0,0,0,0,0,0,0,0,0,0,0,0,0,0,0,,0000-00-00 00:00:00,0000-00-00 00:00:00
34,2,0,0,666,2,1,,,Up Smash,,0,0,3,0,0,0,0,0,0,0,0,0,0,0,0,0,0,0,0,0,0,0,0,0,0,0,0,0,0,0,0,0,,0000-00-00 00:00:00,0000-00-00 00:00:00
35,2,0,0,669,1,1,,,Up Air,,0,0,4,0,0,0,0,0,0,0,0,0,0,0,0,0,0,0,0,0,0,0,0,0,0,0,0,0,0,0,0,0,,0000-00-00 00:00:00,0000-00-00 00:00:00
36,2,0,0,667,1,4,,,Back Air,,0,0,4,0,0,0,0,0,0,0,0,0,0,0,0,0,0,0,0,0,0,0,0,0,0,0,0,0,0,0,0,0,,0000-00-00 00:00:00,0000-00-00 00:00:00
37,2,0,0,660,4,0,,,Neutral B,,0,0,0,0,0,0,0,0,0,0,0,0,0,0,0,0,0,0,0,0,0,0,0,0,0,0,0,0,0,0,0,0,,0000-00-00 00:00:00,0000-00-00 00:00:00
38,3,0,0,673,4,0,,,Neutral B (Charged),,0,0,0,0,0,0,0,0,0,0,0,0,0,0,0,0,0,0,0,0,0,0,0,0,0,0,0,0,0,0,0,0,,0000-00-00 00:00:00,0000-00-00 00:00:00
39,3,0,0,1793,1,1,,,Up B (Air),,0,0,0,0,0,0,0,0,0,0,0,0,0,0,0,0,0,0,0,0,0,0,0,0,0,0,0,0,0,0,0,0,,0000-00-00 00:00:00,0000-00-00 00:00:00
40,3,0,0,1792,4,1,,,Up B (Ground),,0,0,0,0,0,0,0,0,0,0,0,0,0,0,0,0,0,0,0,0,0,0,0,0,0,0,0,0,0,0,0,0,,0000-00-00 00:00:00,0000-00-00 00:00:00
41,3,0,0,674,5,5,1,,Jab 1,,0,0,1,0,0,0,0,0,0,0,0,0,0,0,0,0,0,0,0,0,0,0,0,0,0,0,0,0,0,0,0,0,,0000-00-00 00:00:00,0000-00-00 00:00:00
42,3,0,0,675,5,5,2,,Jab 2,,0,0,1,0,0,0,0,0,0,0,0,0,0,0,0,0,0,0,0,0,0,0,0,0,0,0,0,0,0,0,0,0,,0000-00-00 00:00:00,0000-00-00 00:00:00
43,3,0,0,677,3,2,,,Forward Tilt,,0,0,2,0,0,0,0,0,0,0,0,0,0,0,0,0,0,0,0,0,0,0,0,0,0,0,0,0,0,0,0,0,,0000-00-00 00:00:00,0000-00-00 00:00:00
44,3,0,0,683,2,1,,,Up Smash,,0,0,3,0,0,0,0,0,0,0,0,0,0,0,0,0,0,0,0,0,0,0,0,0,0,0,0,0,0,0,0,0,,0000-00-00 00:00:00,0000-00-00 00:00:00
45,3,0,0,685,1,4,,,Back Air,,0,0,4,0,0,0,0,0,0,0,0,0,0,0,0,0,0,0,0,0,0,0,0,0,0,0,0,0,0,0,0,0,,0000-00-00 00:00:00,0000-00-00 00:00:00
46,3,0,0,689,1,1,,,Up Air,,0,0,4,0,0,0,0,0,0,0,0,0,0,0,0,0,0,0,0,0,0,0,0,0,0,0,0,0,0,0,0,0,,0000-00-00 00:00:00,0000-00-00 00:00:00
47,3,0,0,686,1,3,,,Down Air,,0,0,4,0,0,0,0,0,0,0,0,0,0,0,0,0,0,0,0,0,0,0,0,0,0,0,0,0,0,0,0,0,,0000-00-00 00:00:00,0000-00-00 00:00:00
48,3,0,0,691,7,2,,,Running Grab,,0,0,5,0,0,0,0,0,0,0,0,0,0,0,0,0,0,0,0,0,0,0,0,0,0,0,0,0,0,0,0,0,,0000-00-00 00:00:00,0000-00-00 00:00:00
49,3,0,0,684,1,5,,,Air Dodge,,0,0,4,0,0,0,0,0,0,0,0,0,0,0,0,0,0,0,0,0,0,0,0,0,0,0,0,0,0,0,0,0,,0000-00-00 00:00:00,0000-00-00 00:00:00
50,3,0,0,671,4,3,,,Down B,,0,0,0,0,0,0,0,0,0,0,0,0,0,0,0,0,0,0,0,0,0,0,0,0,0,0,0,0,0,0,0,0,,0000-00-00 00:00:00,0000-00-00 00:00:00
51,3,0,0,694,8,5,,,Dodge,,0,0,6,0,0,0,0,0,0,0,0,0,0,0,0,0,0,0,0,0,0,0,0,0,0,0,0,0,0,0,0,0,,0000-00-00 00:00:00,0000-00-00 00:00:00
52,3,0,0,672,4,2,,,Forward B,,0,0,0,0,0,0,0,0,0,0,0,0,0,0,0,0,0,0,0,0,0,0,0,0,0,0,0,0,0,0,0,0,,0000-00-00 00:00:00,0000-00-00 00:00:00
53,3,0,0,695,9,2,,,Forward Roll,,0,0,6,0,0,0,0,0,0,0,0,0,0,0,0,0,0,0,0,0,0,0,0,0,0,0,0,0,0,0,0,0,,0000-00-00 00:00:00,0000-00-00 00:00:00
54,3,0,0,688,1,0,,,Neutral Air,,0,0,4,0,0,0,0,0,0,0,0,0,0,0,0,0,0,0,0,0,0,0,0,0,0,0,0,0,0,0,0,0,,0000-00-00 00:00:00,0000-00-00 00:00:00
55,3,0,0,690,6,5,,,Dash Attack,,0,0,5,0,0,0,0,0,0,0,0,0,0,0,0,0,0,0,0,0,0,0,0,0,0,0,0,0,0,0,0,0,,0000-00-00 00:00:00,0000-00-00 00:00:00
56,3,0,0,692,7,0,,,Standing Grab,,0,0,5,0,0,0,0,0,0,0,0,0,0,0,0,0,0,0,0,0,0,0,0,0,0,0,0,0,0,0,0,0,,0000-00-00 00:00:00,0000-00-00 00:00:00
57,3,0,0,680,3,1,,,Up Tilt,,0,0,2,0,0,0,0,0,0,0,0,0,0,0,0,0,0,0,0,0,0,0,0,0,0,0,0,0,0,0,0,0,,0000-00-00 00:00:00,0000-00-00 00:00:00
58,3,0,0,693,4,4,,,Backwards Roll,,0,0,6,0,0,0,0,0,0,0,0,0,0,0,0,0,0,0,0,0,0,0,0,0,0,0,0,0,0,0,0,0,,0000-00-00 00:00:00,0000-00-00 00:00:00
59,3,0,0,678,3,2,,,Forward Tilt High,,0,0,2,0,0,0,0,0,0,0,0,0,0,0,0,0,0,0,0,0,0,0,0,0,0,0,0,0,0,0,0,0,,0000-00-00 00:00:00,0000-00-00 00:00:00
60,3,0,0,682,2,2,,,Forward Smash,,0,0,3,0,0,0,0,0,0,0,0,0,0,0,0,0,0,0,0,0,0,0,0,0,0,0,0,0,0,0,0,0,,0000-00-00 00:00:00,0000-00-00 00:00:00
61,3,0,0,1791,4,0,,,Neutral B,,0,0,0,0,0,0,0,0,0,0,0,0,0,0,0,0,0,0,0,0,0,0,0,0,0,0,0,0,0,0,0,0,,0000-00-00 00:00:00,0000-00-00 00:00:00
62,3,0,0,676,3,3,,,Down Tilt,,0,0,2,0,0,0,0,0,0,0,0,0,0,0,0,0,0,0,0,0,0,0,0,0,0,0,0,0,0,0,0,0,,0000-00-00 00:00:00,0000-00-00 00:00:00
63,3,0,0,687,1,2,,,Forward Air,,0,0,4,0,0,0,0,0,0,0,0,0,0,0,0,0,0,0,0,0,0,0,0,0,0,0,0,0,0,0,0,0,,0000-00-00 00:00:00,0000-00-00 00:00:00
64,3,0,0,681,2,3,,,Down Smash,,0,0,3,0,0,0,0,0,0,0,0,0,0,0,0,0,0,0,0,0,0,0,0,0,0,0,0,0,0,0,0,0,,0000-00-00 00:00:00,0000-00-00 00:00:00
65,3,0,0,679,3,2,,,Forward Tilt Low,,0,0,2,0,0,0,0,0,0,0,0,0,0,0,0,0,0,0,0,0,0,0,0,0,0,0,0,0,0,0,0,0,,0000-00-00 00:00:00,0000-00-00 00:00:00
66,3,0,0,1794,4,0,,,Neutral B (Charging),,0,0,0,0,0,0,0,0,0,0,0,0,0,0,0,0,0,0,0,0,0,0,0,0,0,0,0,0,0,0,0,0,,0000-00-00 00:00:00,0000-00-00 00:00:00
67,4,0,0,699,5,5,1,,Jab 1,,0,0,1,0,0,0,0,0,0,0,0,0,0,0,0,0,0,0,0,0,0,0,0,0,0,0,0,0,0,0,0,0,,0000-00-00 00:00:00,0000-00-00 00:00:00
68,4,0,0,700,5,5,2,,Jab 2,,0,0,1,0,0,0,0,0,0,0,0,0,0,0,0,0,0,0,0,0,0,0,0,0,0,0,0,0,0,0,0,0,,0000-00-00 00:00:00,0000-00-00 00:00:00
69,4,0,0,701,5,5,3,,Jab 3,,0,0,1,0,0,0,0,0,0,0,0,0,0,0,0,0,0,0,0,0,0,0,0,0,0,0,0,0,0,0,0,0,,0000-00-00 00:00:00,0000-00-00 00:00:00
70,4,0,0,703,3,2,,,Forward Tilt,,0,0,2,0,0,0,0,0,0,0,0,0,0,0,0,0,0,0,0,0,0,0,0,0,0,0,0,0,0,0,0,0,,0000-00-00 00:00:00,0000-00-00 00:00:00
71,4,0,0,705,3,2,,,Forward Tilt Low,,0,0,2,0,0,0,0,0,0,0,0,0,0,0,0,0,0,0,0,0,0,0,0,0,0,0,0,0,0,0,0,0,,0000-00-00 00:00:00,0000-00-00 00:00:00
72,4,0,0,704,3,2,,,Forward Tilt High,,0,0,2,0,0,0,0,0,0,0,0,0,0,0,0,0,0,0,0,0,0,0,0,0,0,0,0,0,0,0,0,0,,0000-00-00 00:00:00,0000-00-00 00:00:00
73,4,0,0,702,3,3,,,Down Tilt,,0,0,2,0,0,0,0,0,0,0,0,0,0,0,0,0,0,0,0,0,0,0,0,0,0,0,0,0,0,0,0,0,,0000-00-00 00:00:00,0000-00-00 00:00:00
74,4,0,0,713,1,2,,,Forward Air,,0,0,4,0,0,0,0,0,0,0,0,0,0,0,0,0,0,0,0,0,0,0,0,0,0,0,0,0,0,0,0,0,,0000-00-00 00:00:00,0000-00-00 00:00:00
75,4,0,0,715,1,1,,,Up Air,,0,0,4,0,0,0,0,0,0,0,0,0,0,0,0,0,0,0,0,0,0,0,0,0,0,0,0,0,0,0,0,0,,0000-00-00 00:00:00,0000-00-00 00:00:00
76,4,0,0,716,6,5,,,Dash Attack,,0,0,5,0,0,0,0,0,0,0,0,0,0,0,0,0,0,0,0,0,0,0,0,0,0,0,0,0,0,0,0,0,,0000-00-00 00:00:00,0000-00-00 00:00:00
77,4,0,0,708,2,2,,,Forward Smash Low,,0,0,3,0,0,0,0,0,0,0,0,0,0,0,0,0,0,0,0,0,0,0,0,0,0,0,0,0,0,0,0,0,,0000-00-00 00:00:00,0000-00-00 00:00:00
78,4,0,0,706,2,3,,,Down Smash,,0,0,3,0,0,0,0,0,0,0,0,0,0,0,0,0,0,0,0,0,0,0,0,0,0,0,0,0,0,0,0,0,,0000-00-00 00:00:00,0000-00-00 00:00:00
79,4,0,0,707,2,2,,,Forward Smash High,,0,0,3,0,0,0,0,0,0,0,0,0,0,0,0,0,0,0,0,0,0,0,0,0,0,0,0,0,0,0,0,0,,0000-00-00 00:00:00,0000-00-00 00:00:00
80,4,0,0,709,2,1,,,Up Smash,,0,0,3,0,0,0,0,0,0,0,0,0,0,0,0,0,0,0,0,0,0,0,0,0,0,0,0,0,0,0,0,0,,0000-00-00 00:00:00,0000-00-00 00:00:00
81,4,0,0,714,1,0,,,Neutral Air,,0,0,4,0,0,0,0,0,0,0,0,0,0,0,0,0,0,0,0,0,0,0,0,0,0,0,0,0,0,0,0,0,,0000-00-00 00:00:00,0000-00-00 00:00:00
82,4,0,0,711,1,4,,,Back Air,,0,0,4,0,0,0,0,0,0,0,0,0,0,0,0,0,0,0,0,0,0,0,0,0,0,0,0,0,0,0,0,0,,0000-00-00 00:00:00,0000-00-00 00:00:00
83,4,0,0,712,1,3,,,Down Air,,0,0,4,0,0,0,0,0,0,0,0,0,0,0,0,0,0,0,0,0,0,0,0,0,0,0,0,0,0,0,0,0,,0000-00-00 00:00:00,0000-00-00 00:00:00
84,4,0,0,718,7,0,,,Standing Grab,,0,0,5,0,0,0,0,0,0,0,0,0,0,0,0,0,0,0,0,0,0,0,0,0,0,0,0,0,0,0,0,0,,0000-00-00 00:00:00,0000-00-00 00:00:00
85,4,0,0,717,7,2,,,Running Grab,,0,0,5,0,0,0,0,0,0,0,0,0,0,0,0,0,0,0,0,0,0,0,0,0,0,0,0,0,0,0,0,0,,0000-00-00 00:00:00,0000-00-00 00:00:00
86,4,0,0,696,4,3,,,Down B,,0,0,0,0,0,0,0,0,0,0,0,0,0,0,0,0,0,0,0,0,0,0,0,0,0,0,0,0,0,0,0,0,,0000-00-00 00:00:00,0000-00-00 00:00:00
87,4,0,0,698,4,1,,,Up B,,0,0,0,0,0,0,0,0,0,0,0,0,0,0,0,0,0,0,0,0,0,0,0,0,0,0,0,0,0,0,0,0,,0000-00-00 00:00:00,0000-00-00 00:00:00
88,4,0,0,697,4,2,,,Forward B,,0,0,0,0,0,0,0,0,0,0,0,0,0,0,0,0,0,0,0,0,0,0,0,0,0,0,0,0,0,0,0,0,,0000-00-00 00:00:00,0000-00-00 00:00:00
89,4,0,0,710,1,5,,,Air Dodge,,0,0,4,0,0,0,0,0,0,0,0,0,0,0,0,0,0,0,0,0,0,0,0,0,0,0,0,0,0,0,0,0,,0000-00-00 00:00:00,0000-00-00 00:00:00
90,4,0,0,720,9,2,,,Forward Roll,,0,0,6,0,0,0,0,0,0,0,0,0,0,0,0,0,0,0,0,0,0,0,0,0,0,0,0,0,0,0,0,0,,0000-00-00 00:00:00,0000-00-00 00:00:00
91,4,0,0,719,8,5,,,Dodge,,0,0,6,0,0,0,0,0,0,0,0,0,0,0,0,0,0,0,0,0,0,0,0,0,0,0,0,0,0,0,0,0,,0000-00-00 00:00:00,0000-00-00 00:00:00
92,5,0,0,722,4,0,,,Neutral B,,0,0,0,0,0,0,0,0,0,0,0,0,0,0,0,0,0,0,0,0,0,0,0,0,0,0,0,0,0,0,0,0,,0000-00-00 00:00:00,0000-00-00 00:00:00
93,5,0,0,724,5,5,1,,Jab 1,,0,0,1,0,0,0,0,0,0,0,0,0,0,0,0,0,0,0,0,0,0,0,0,0,0,0,0,0,0,0,0,0,,0000-00-00 00:00:00,0000-00-00 00:00:00
94,5,0,0,725,5,5,2,,Jab 2,,0,0,1,0,0,0,0,0,0,0,0,0,0,0,0,0,0,0,0,0,0,0,0,0,0,0,0,0,0,0,0,0,,0000-00-00 00:00:00,0000-00-00 00:00:00
95,5,0,0,726,5,5,3,,Jab 3,,0,0,1,0,0,0,0,0,0,0,0,0,0,0,0,0,0,0,0,0,0,0,0,0,0,0,0,0,0,0,0,0,,0000-00-00 00:00:00,0000-00-00 00:00:00
96,5,0,0,728,3,2,,,Forward Tilt,,0,0,2,0,0,0,0,0,0,0,0,0,0,0,0,0,0,0,0,0,0,0,0,0,0,0,0,0,0,0,0,0,,0000-00-00 00:00:00,0000-00-00 00:00:00
97,5,0,0,729,3,2,,,Forward Tilt High,,0,0,2,0,0,0,0,0,0,0,0,0,0,0,0,0,0,0,0,0,0,0,0,0,0,0,0,0,0,0,0,0,,0000-00-00 00:00:00,0000-00-00 00:00:00
98,5,0,0,731,3,1,,,Up Tilt,,0,0,2,0,0,0,0,0,0,0,0,0,0,0,0,0,0,0,0,0,0,0,0,0,0,0,0,0,0,0,0,0,,0000-00-00 00:00:00,0000-00-00 00:00:00
99,5,0,0,742,1,1,,,Up Air,,0,0,4,0,0,0,0,0,0,0,0,0,0,0,0,0,0,0,0,0,0,0,0,0,0,0,0,0,0,0,0,0,,0000-00-00 00:00:00,0000-00-00 00:00:00
100,5,0,0,737,1,3,,,Down Air,,0,0,4,0,0,0,0,0,0,0,0,0,0,0,0,0,0,0,0,0,0,0,0,0,0,0,0,0,0,0,0,0,,0000-00-00 00:00:00,0000-00-00 00:00:00
101,5,0,0,743,6,5,,,Dash Attack,,0,0,5,0,0,0,0,0,0,0,0,0,0,0,0,0,0,0,0,0,0,0,0,0,0,0,0,0,0,0,0,0,,0000-00-00 00:00:00,0000-00-00 00:00:00
102,5,0,0,730,3,2,,,Forward Tilt Low,,0,0,2,0,0,0,0,0,0,0,0,0,0,0,0,0,0,0,0,0,0,0,0,0,0,0,0,0,0,0,0,0,,0000-00-00 00:00:00,0000-00-00 00:00:00
103,5,0,0,736,1,4,,,Back Air,,0,0,4,0,0,0,0,0,0,0,0,0,0,0,0,0,0,0,0,0,0,0,0,0,0,0,0,0,0,0,0,0,,0000-00-00 00:00:00,0000-00-00 00:00:00
104,5,0,0,740,1,0,,,Neutral Air,,0,0,4,0,0,0,0,0,0,0,0,0,0,0,0,0,0,0,0,0,0,0,0,0,0,0,0,0,0,0,0,0,,0000-00-00 00:00:00,0000-00-00 00:00:00
105,5,0,0,727,3,3,,,Down Tilt,,0,0,2,0,0,0,0,0,0,0,0,0,0,0,0,0,0,0,0,0,0,0,0,0,0,0,0,0,0,0,0,0,,0000-00-00 00:00:00,0000-00-00 00:00:00
106,5,0,0,733,2,2,,,Forward Smash,,0,0,3,0,0,0,0,0,0,0,0,0,0,0,0,0,0,0,0,0,0,0,0,0,0,0,0,0,0,0,0,0,,0000-00-00 00:00:00,0000-00-00 00:00:00
107,5,0,0,741,4,0,,,Neutral B (air),,0,0,4,0,0,0,0,0,0,0,0,0,0,0,0,0,0,0,0,0,0,0,0,0,0,0,0,0,0,0,0,0,,0000-00-00 00:00:00,0000-00-00 00:00:00
108,5,0,0,738,1,2,,,Forward Air,,0,0,4,0,0,0,0,0,0,0,0,0,0,0,0,0,0,0,0,0,0,0,0,0,0,0,0,0,0,0,0,0,,0000-00-00 00:00:00,0000-00-00 00:00:00
109,5,0,0,732,2,3,,,Down Smash,,0,0,3,0,0,0,0,0,0,0,0,0,0,0,0,0,0,0,0,0,0,0,0,0,0,0,0,0,0,0,0,0,,0000-00-00 00:00:00,0000-00-00 00:00:00
110,5,0,0,734,2,1,,,Up Smash,,0,0,3,0,0,0,0,0,0,0,0,0,0,0,0,0,0,0,0,0,0,0,0,0,0,0,0,0,0,0,0,0,,0000-00-00 00:00:00,0000-00-00 00:00:00
111,5,0,0,744,7,2,,,Running Grab,,0,0,5,0,0,0,0,0,0,0,0,0,0,0,0,0,0,0,0,0,0,0,0,0,0,0,0,0,0,0,0,0,,0000-00-00 00:00:00,0000-00-00 00:00:00
112,5,0,0,721,4,3,,,Down B,,0,0,0,0,0,0,0,0,0,0,0,0,0,0,0,0,0,0,0,0,0,0,0,0,0,0,0,0,0,0,0,0,,0000-00-00 00:00:00,0000-00-00 00:00:00
113,5,0,0,739,4,2,,,Forward B,,0,0,4,0,0,0,0,0,0,0,0,0,0,0,0,0,0,0,0,0,0,0,0,0,0,0,0,0,0,0,0,0,,0000-00-00 00:00:00,0000-00-00 00:00:00
114,5,0,0,735,1,5,,,Air Dodge,,0,0,4,0,0,0,0,0,0,0,0,0,0,0,0,0,0,0,0,0,0,0,0,0,0,0,0,0,0,0,0,0,,0000-00-00 00:00:00,0000-00-00 00:00:00
115,5,0,0,723,4,1,,,Up B,,0,0,0,0,0,0,0,0,0,0,0,0,0,0,0,0,0,0,0,0,0,0,0,0,0,0,0,0,0,0,0,0,,0000-00-00 00:00:00,0000-00-00 00:00:00
116,5,0,0,745,4,4,,,Backwards Roll,,0,0,6,0,0,0,0,0,0,0,0,0,0,0,0,0,0,0,0,0,0,0,0,0,0,0,0,0,0,0,0,0,,0000-00-00 00:00:00,0000-00-00 00:00:00
117,5,0,0,747,9,2,,,Forward Roll,,0,0,6,0,0,0,0,0,0,0,0,0,0,0,0,0,0,0,0,0,0,0,0,0,0,0,0,0,0,0,0,0,,0000-00-00 00:00:00,0000-00-00 00:00:00
118,5,0,0,746,8,5,,,Dodge,,0,0,6,0,0,0,0,0,0,0,0,0,0,0,0,0,0,0,0,0,0,0,0,0,0,0,0,0,0,0,0,0,,0000-00-00 00:00:00,0000-00-00 00:00:00
119,6,0,0,750,4,0,,,Neutral B,,0,0,0,36,0,34,10,0,20,0,0,0,0,0,0,0,0,0,0,0,1,0,0,0,0,0,0,0,0,0,0,0,,0000-00-00 00:00:00,10/27/2015 3:04:41
120,6,0,0,751,4,0,,,Neutral B (air),,0,0,0,0,0,0,0,0,0,0,0,0,0,0,0,0,0,0,0,0,0,0,0,0,0,0,0,0,0,0,0,0,,0000-00-00 00:00:00,0000-00-00 00:00:00
121,6,0,0,749,4,2,,,Forward B (air),,0,0,0,63,21,0,22,25,0,0,0,0,0,0,0,0,0,0,20,0,0,0,0,0,0,0,0,0,0,0,0,0,,0000-00-00 00:00:00,10/28/2015 21:44:35
122,6,0,0,748,4,3,,,Down B,,0,0,0,39,4,21,0,0,0,0,0,0,0,0,0,0,0,0,0,0,0,0,0,0,0,19,1,4,21,19,1,0,,0000-00-00 00:00:00,10/27/2015 2:52:21
123,6,0,0,752,4,1,,,Up B,,0,0,0,0,0,0,0,0,0,0,0,0,0,0,0,0,0,0,0,0,0,0,0,0,0,0,0,0,0,0,0,0,,0000-00-00 00:00:00,0000-00-00 00:00:00
124,6,0,0,753,5,5,1,,Jab 1,,0,0,1,0,0,0,0,0,0,0,0,0,0,0,0,0,0,0,0,0,0,0,0,0,0,0,0,0,0,0,0,0,,0000-00-00 00:00:00,0000-00-00 00:00:00
125,6,0,0,754,5,5,2,,Jab 2,,0,0,1,0,0,0,0,0,0,0,0,0,0,0,0,0,0,0,0,0,0,0,0,0,0,0,0,0,0,0,0,0,,0000-00-00 00:00:00,0000-00-00 00:00:00
126,6,0,0,755,5,5,3,,Jab 3,,0,0,1,0,0,0,0,0,0,0,0,0,0,0,0,0,0,0,0,0,0,0,0,0,0,0,0,0,0,0,0,0,,0000-00-00 00:00:00,0000-00-00 00:00:00
127,6,0,0,758,3,2,,,Forward Tilt High,,0,0,2,0,0,0,0,0,0,0,0,0,0,0,0,0,0,0,0,0,0,0,0,0,0,0,0,0,0,0,0,0,,0000-00-00 00:00:00,0000-00-00 00:00:00
128,6,0,0,759,3,2,,,Forward Tilt Low,,0,0,2,0,0,0,0,0,0,0,0,0,0,0,0,0,0,0,0,0,0,0,0,0,0,0,0,0,0,0,0,0,,0000-00-00 00:00:00,0000-00-00 00:00:00
129,6,0,0,757,3,2,,,Forward Tilt,,0,0,2,0,0,0,0,0,0,0,0,0,0,0,0,0,0,0,0,0,0,0,0,0,0,0,0,0,0,0,0,0,,0000-00-00 00:00:00,0000-00-00 00:00:00
130,6,0,0,756,3,3,,,Down Tilt,,0,0,2,0,0,0,0,0,0,0,0,0,0,0,0,0,0,0,0,0,0,0,0,0,0,0,0,0,0,0,0,0,,0000-00-00 00:00:00,0000-00-00 00:00:00
131,6,0,0,760,3,1,,,Up Tilt,,0,0,2,0,0,0,0,0,0,0,0,0,0,0,0,0,0,0,0,0,0,0,0,0,0,0,0,0,0,0,0,0,,0000-00-00 00:00:00,0000-00-00 00:00:00
132,6,0,0,762,2,2,,,Forward Smash,,0,0,3,0,0,0,0,0,0,0,0,0,0,0,0,0,0,0,0,0,0,0,0,0,0,0,0,0,0,0,0,0,,0000-00-00 00:00:00,0000-00-00 00:00:00
133,6,0,0,763,2,1,,,Up Smash,,0,0,3,0,0,0,0,0,0,0,0,0,0,0,0,0,0,0,0,0,0,0,0,0,0,0,0,0,0,0,0,0,,0000-00-00 00:00:00,0000-00-00 00:00:00
134,6,0,0,761,2,3,,,Down Smash,,0,0,3,0,0,0,0,0,0,0,0,0,0,0,0,0,0,0,0,0,0,0,0,0,0,0,0,0,0,0,0,0,,0000-00-00 00:00:00,0000-00-00 00:00:00
135,6,0,0,767,1,0,,,Neutral Air,,0,0,4,0,0,0,0,0,0,0,0,0,0,0,0,0,0,0,0,0,0,0,0,0,0,0,0,0,0,0,0,0,,0000-00-00 00:00:00,0000-00-00 00:00:00
136,6,0,0,768,1,1,,,Up Air,,0,0,4,0,0,0,0,0,0,0,0,0,0,0,0,0,0,0,0,0,0,0,0,0,0,0,0,0,0,0,0,0,,0000-00-00 00:00:00,0000-00-00 00:00:00
137,6,0,0,765,1,3,,,Down Air,,0,0,4,0,0,0,0,0,0,0,0,0,0,0,0,0,0,0,0,0,0,0,0,0,0,0,0,0,0,0,0,0,,0000-00-00 00:00:00,0000-00-00 00:00:00
138,6,0,0,766,1,2,,,Forward Air,,0,0,4,0,0,0,0,0,0,0,0,0,0,0,0,0,0,0,0,0,0,0,0,0,0,0,0,0,0,0,0,0,,0000-00-00 00:00:00,0000-00-00 00:00:00
139,6,0,0,764,1,4,,,Back Air,,0,0,4,0,0,0,0,0,0,0,0,0,0,0,0,0,0,0,0,0,0,0,0,0,0,0,0,0,0,0,0,0,,0000-00-00 00:00:00,0000-00-00 00:00:00
140,6,0,0,769,4,4,,,Backwards Roll,,0,0,5,0,0,0,0,0,0,0,0,0,0,0,0,0,0,0,0,0,0,0,0,0,0,0,0,0,0,0,0,0,,0000-00-00 00:00:00,0000-00-00 00:00:00
141,6,0,0,770,6,5,,,Dash Attack,,0,0,5,0,0,0,0,0,0,0,0,0,0,0,0,0,0,0,0,0,0,0,0,0,0,0,0,0,0,0,0,0,,0000-00-00 00:00:00,0000-00-00 00:00:00
142,6,0,0,771,7,2,,,Running Grab,,0,0,5,0,0,0,0,0,0,0,0,0,0,0,0,0,0,0,0,0,0,0,0,0,0,0,0,0,0,0,0,0,,0000-00-00 00:00:00,0000-00-00 00:00:00
143,6,0,0,772,7,0,,,Standing Grab,,0,0,5,0,0,0,0,0,0,0,0,0,0,0,0,0,0,0,0,0,0,0,0,0,0,0,0,0,0,0,0,0,,0000-00-00 00:00:00,0000-00-00 00:00:00
144,6,0,0,773,1,5,,,Air Dodge,,0,0,6,0,0,0,0,0,0,0,0,0,0,0,0,0,0,0,0,0,0,0,0,0,0,0,0,0,0,0,0,0,,0000-00-00 00:00:00,0000-00-00 00:00:00
145,6,0,0,774,8,5,,,Dodge,,0,0,6,0,0,0,0,0,0,0,0,0,0,0,0,0,0,0,0,0,0,0,0,0,0,0,0,0,0,0,0,0,,0000-00-00 00:00:00,0000-00-00 00:00:00
146,6,0,0,775,9,2,,,Forward Roll,,0,0,6,0,0,0,0,0,0,0,0,0,0,0,0,0,0,0,0,0,0,0,0,0,0,0,0,0,0,0,0,0,,0000-00-00 00:00:00,0000-00-00 00:00:00
147,7,0,0,777,4,0,,,Neutral B,,0,0,0,0,0,0,0,0,0,0,0,0,0,0,0,0,0,0,0,0,0,0,0,0,0,0,0,0,0,0,0,0,,0000-00-00 00:00:00,0000-00-00 00:00:00
148,7,0,0,779,5,5,1,,Jab 1,,0,0,1,0,0,0,0,0,0,0,0,0,0,0,0,0,0,0,0,0,0,0,0,0,0,0,0,0,0,0,0,0,,0000-00-00 00:00:00,0000-00-00 00:00:00
149,7,0,0,782,3,2,,,Forward Tilt High,,0,0,2,0,0,0,0,0,0,0,0,0,0,0,0,0,0,0,0,0,0,0,0,0,0,0,0,0,0,0,0,0,,0000-00-00 00:00:00,0000-00-00 00:00:00
150,7,0,0,781,3,2,,,Forward Tilt,,0,0,2,0,0,0,0,0,0,0,0,0,0,0,0,0,0,0,0,0,0,0,0,0,0,0,0,0,0,0,0,0,,0000-00-00 00:00:00,0000-00-00 00:00:00
151,7,0,0,783,3,2,,,Forward Tilt Low,,0,0,2,0,0,0,0,0,0,0,0,0,0,0,0,0,0,0,0,0,0,0,0,0,0,0,0,0,0,0,0,0,,0000-00-00 00:00:00,0000-00-00 00:00:00
152,7,0,0,784,3,1,,,Up Tilt,,0,0,2,0,0,0,0,0,0,0,0,0,0,0,0,0,0,0,0,0,0,0,0,0,0,0,0,0,0,0,0,0,,0000-00-00 00:00:00,0000-00-00 00:00:00
153,7,0,0,780,3,3,,,Down Tilt,,0,0,2,0,0,0,0,0,0,0,0,0,0,0,0,0,0,0,0,0,0,0,0,0,0,0,0,0,0,0,0,0,,0000-00-00 00:00:00,0000-00-00 00:00:00
154,7,0,0,1795,2,2,,,Forward Smash (High),,0,0,3,0,0,0,0,0,0,0,0,0,0,0,0,0,0,0,0,0,0,0,0,0,0,0,0,0,0,0,0,0,,0000-00-00 00:00:00,0000-00-00 00:00:00
155,7,0,0,785,2,3,,,Down Smash,,0,0,3,0,0,0,0,0,0,0,0,0,0,0,0,0,0,0,0,0,0,0,0,0,0,0,0,0,0,0,0,0,,0000-00-00 00:00:00,0000-00-00 00:00:00
156,7,0,0,787,1,4,,,Back Air,,0,0,4,0,0,0,0,0,0,0,0,0,0,0,0,0,0,0,0,0,0,0,0,0,0,0,0,0,0,0,0,0,,0000-00-00 00:00:00,0000-00-00 00:00:00
157,7,0,0,788,1,3,,,Down Air,,0,0,4,0,0,0,0,0,0,0,0,0,0,0,0,0,0,0,0,0,0,0,0,0,0,0,0,0,0,0,0,0,,0000-00-00 00:00:00,0000-00-00 00:00:00
158,7,0,0,1796,2,2,,,Forward Smash (Low),,0,0,3,0,0,0,0,0,0,0,0,0,0,0,0,0,0,0,0,0,0,0,0,0,0,0,0,0,0,0,0,0,,0000-00-00 00:00:00,0000-00-00 00:00:00
159,7,0,0,1797,4,3,,,Down B (Ground),,0,0,0,0,0,0,0,0,0,0,0,0,0,0,0,0,0,0,0,0,0,0,0,0,0,0,0,0,0,0,0,0,,0000-00-00 00:00:00,0000-00-00 00:00:00
160,7,0,0,786,2,1,,,Up Smash,,0,0,3,0,0,0,0,0,0,0,0,0,0,0,0,0,0,0,0,0,0,0,0,0,0,0,0,0,0,0,0,0,,0000-00-00 00:00:00,0000-00-00 00:00:00
161,7,0,0,1798,4,2,,,Forward B (Ground),,0,0,0,0,0,0,0,0,0,0,0,0,0,0,0,0,0,0,0,0,0,0,0,0,0,0,0,0,0,0,0,0,,0000-00-00 00:00:00,0000-00-00 00:00:00
162,7,0,0,776,1,2,,,Forward B (Air),,0,0,0,0,0,0,0,0,0,0,0,0,0,0,0,0,0,0,0,0,0,0,0,0,0,0,0,0,0,0,0,0,,0000-00-00 00:00:00,0000-00-00 00:00:00
163,7,0,0,789,1,0,,,Neutral Air,,0,0,4,0,0,0,0,0,0,0,0,0,0,0,0,0,0,0,0,0,0,0,0,0,0,0,0,0,0,0,0,0,,0000-00-00 00:00:00,0000-00-00 00:00:00
164,7,0,0,1799,1,3,,,Down B (Air),,0,0,0,0,0,0,0,0,0,0,0,0,0,0,0,0,0,0,0,0,0,0,0,0,0,0,0,0,0,0,0,0,,0000-00-00 00:00:00,0000-00-00 00:00:00
165,7,0,0,778,4,1,,,Up B,,0,0,0,0,0,0,0,0,0,0,0,0,0,0,0,0,0,0,0,0,0,0,0,0,0,0,0,0,0,0,0,0,,0000-00-00 00:00:00,0000-00-00 00:00:00
166,7,0,0,1800,1,2,,,Forward B (Air),,0,0,0,0,0,0,0,0,0,0,0,0,0,0,0,0,0,0,0,0,0,0,0,0,0,0,0,0,0,0,0,0,,0000-00-00 00:00:00,0000-00-00 00:00:00
167,8,0,0,791,4,3,,,Down B,,0,0,0,0,0,0,0,0,0,0,0,0,0,0,0,0,0,0,0,0,0,0,0,0,0,0,0,0,0,0,0,0,,0000-00-00 00:00:00,0000-00-00 00:00:00
168,8,0,0,790,1,4,,,Back Air,,0,0,0,0,0,0,0,0,0,0,0,0,0,0,0,0,0,0,0,0,0,0,0,0,0,0,0,0,0,0,0,0,,0000-00-00 00:00:00,0000-00-00 00:00:00
169,8,0,0,793,4,0,,,Neutral B,,0,0,0,0,0,0,0,0,0,0,0,0,0,0,0,0,0,0,0,0,0,0,0,0,0,0,0,0,0,0,0,0,,0000-00-00 00:00:00,0000-00-00 00:00:00
170,8,0,0,792,4,2,,,Forward B,,0,0,0,0,0,0,0,0,0,0,0,0,0,0,0,0,0,0,0,0,0,0,0,0,0,0,0,0,0,0,0,0,,0000-00-00 00:00:00,0000-00-00 00:00:00
171,8,0,0,794,4,1,,,Up B,,0,0,0,0,0,0,0,0,0,0,0,0,0,0,0,0,0,0,0,0,0,0,0,0,0,0,0,0,0,0,0,0,,0000-00-00 00:00:00,0000-00-00 00:00:00
172,8,0,0,795,5,5,1,,Jab 1,,0,0,1,0,0,0,0,0,0,0,0,0,0,0,0,0,0,0,0,0,0,0,0,0,0,0,0,0,0,0,0,0,,0000-00-00 00:00:00,0000-00-00 00:00:00
173,8,0,0,796,5,5,2,,Jab 2,,0,0,1,0,0,0,0,0,0,0,0,0,0,0,0,0,0,0,0,0,0,0,0,0,0,0,0,0,0,0,0,0,,0000-00-00 00:00:00,0000-00-00 00:00:00
174,8,0,0,797,3,3,,,Down Tilt,,0,0,2,0,0,0,0,0,0,0,0,0,0,0,0,0,0,0,0,0,0,0,0,0,0,0,0,0,0,0,0,0,,0000-00-00 00:00:00,0000-00-00 00:00:00
175,8,0,0,800,3,1,,,Up Tilt,,0,0,2,0,0,0,0,0,0,0,0,0,0,0,0,0,0,0,0,0,0,0,0,0,0,0,0,0,0,0,0,0,,0000-00-00 00:00:00,0000-00-00 00:00:00
176,8,0,0,799,3,2,,,Forward Tilt Low,,0,0,2,0,0,0,0,0,0,0,0,0,0,0,0,0,0,0,0,0,0,0,0,0,0,0,0,0,0,0,0,0,,0000-00-00 00:00:00,0000-00-00 00:00:00
177,8,0,0,798,3,2,,,Forward Tilt High,,0,0,2,0,0,0,0,0,0,0,0,0,0,0,0,0,0,0,0,0,0,0,0,0,0,0,0,0,0,0,0,0,,0000-00-00 00:00:00,0000-00-00 00:00:00
178,8,0,0,802,2,2,,,Forward Smash,,0,0,3,0,0,0,0,0,0,0,0,0,0,0,0,0,0,0,0,0,0,0,0,0,0,0,0,0,0,0,0,0,,0000-00-00 00:00:00,0000-00-00 00:00:00
179,8,0,0,801,2,3,,,Down Smash,,0,0,3,0,0,0,0,0,0,0,0,0,0,0,0,0,0,0,0,0,0,0,0,0,0,0,0,0,0,0,0,0,,0000-00-00 00:00:00,0000-00-00 00:00:00
180,8,0,0,803,2,1,,,Up Smash,,0,0,3,0,0,0,0,0,0,0,0,0,0,0,0,0,0,0,0,0,0,0,0,0,0,0,0,0,0,0,0,0,,0000-00-00 00:00:00,0000-00-00 00:00:00
181,8,0,0,806,1,0,,,Neutral Air,,0,0,4,0,0,0,0,0,0,0,0,0,0,0,0,0,0,0,0,0,0,0,0,0,0,0,0,0,0,0,0,0,,0000-00-00 00:00:00,0000-00-00 00:00:00
182,8,0,0,805,1,2,,,Forward Air,,0,0,4,0,0,0,0,0,0,0,0,0,0,0,0,0,0,0,0,0,0,0,0,0,0,0,0,0,0,0,0,0,,0000-00-00 00:00:00,0000-00-00 00:00:00
183,8,0,0,804,1,3,,,Down Air,,0,0,4,0,0,0,0,0,0,0,0,0,0,0,0,0,0,0,0,0,0,0,0,0,0,0,0,0,0,0,0,0,,0000-00-00 00:00:00,0000-00-00 00:00:00
184,8,0,0,807,1,1,,,Up Air,,0,0,4,0,0,0,0,0,0,0,0,0,0,0,0,0,0,0,0,0,0,0,0,0,0,0,0,0,0,0,0,0,,0000-00-00 00:00:00,0000-00-00 00:00:00
185,8,0,0,809,7,2,,,Running Grab,,0,0,5,0,0,0,0,0,0,0,0,0,0,0,0,0,0,0,0,0,0,0,0,0,0,0,0,0,0,0,0,0,,0000-00-00 00:00:00,0000-00-00 00:00:00
186,8,0,0,808,6,5,,,Dash Attack,,0,0,5,0,0,0,0,0,0,0,0,0,0,0,0,0,0,0,0,0,0,0,0,0,0,0,0,0,0,0,0,0,,0000-00-00 00:00:00,0000-00-00 00:00:00
187,8,0,0,812,4,4,,,Backwards Roll,,0,0,6,0,0,0,0,0,0,0,0,0,0,0,0,0,0,0,0,0,0,0,0,0,0,0,0,0,0,0,0,0,,0000-00-00 00:00:00,0000-00-00 00:00:00
188,8,0,0,814,9,2,,,Forward Roll,,0,0,6,0,0,0,0,0,0,0,0,0,0,0,0,0,0,0,0,0,0,0,0,0,0,0,0,0,0,0,0,0,,0000-00-00 00:00:00,0000-00-00 00:00:00
189,8,0,0,813,8,5,,,Dodge,,0,0,6,0,0,0,0,0,0,0,0,0,0,0,0,0,0,0,0,0,0,0,0,0,0,0,0,0,0,0,0,0,,0000-00-00 00:00:00,0000-00-00 00:00:00
190,8,0,0,811,1,5,,,Air Dodge,,0,0,6,0,0,0,0,0,0,0,0,0,0,0,0,0,0,0,0,0,0,0,0,0,0,0,0,0,0,0,0,0,,0000-00-00 00:00:00,0000-00-00 00:00:00
191,8,0,0,810,7,0,,,Standing Grab,,0,0,5,0,0,0,0,0,0,0,0,0,0,0,0,0,0,0,0,0,0,0,0,0,0,0,0,0,0,0,0,0,,0000-00-00 00:00:00,0000-00-00 00:00:00
192,9,0,0,815,4,3,,,Down B,,0,0,0,0,0,0,0,0,0,0,0,0,0,0,0,0,0,0,0,0,0,0,0,0,0,0,0,0,0,0,0,0,,0000-00-00 00:00:00,0000-00-00 00:00:00
193,9,0,0,819,5,5,1,,Jab 1,,0,0,1,0,0,0,0,0,0,0,0,0,0,0,0,0,0,0,0,0,0,0,0,0,0,0,0,0,0,0,0,0,,0000-00-00 00:00:00,0000-00-00 00:00:00
194,9,0,0,820,5,5,2,,Jab 2,,0,0,1,0,0,0,0,0,0,0,0,0,0,0,0,0,0,0,0,0,0,0,0,0,0,0,0,0,0,0,0,0,,0000-00-00 00:00:00,0000-00-00 00:00:00
195,9,0,0,822,3,2,,,Forward Tilt,,0,0,2,0,0,0,0,0,0,0,0,0,0,0,0,0,0,0,0,0,0,0,0,0,0,0,0,0,0,0,0,0,,0000-00-00 00:00:00,0000-00-00 00:00:00
196,9,0,0,823,3,2,,,Forward Tilt High,,0,0,2,0,0,0,0,0,0,0,0,0,0,0,0,0,0,0,0,0,0,0,0,0,0,0,0,0,0,0,0,0,,0000-00-00 00:00:00,0000-00-00 00:00:00
197,9,0,0,824,3,2,,,Forward Tilt Low,,0,0,2,0,0,0,0,0,0,0,0,0,0,0,0,0,0,0,0,0,0,0,0,0,0,0,0,0,0,0,0,0,,0000-00-00 00:00:00,0000-00-00 00:00:00
198,9,0,0,821,3,3,,,Down Tilt,,0,0,2,0,0,0,0,0,0,0,0,0,0,0,0,0,0,0,0,0,0,0,0,0,0,0,0,0,0,0,0,0,,0000-00-00 00:00:00,0000-00-00 00:00:00
199,9,0,0,825,3,1,,,Up Tilt,,0,0,2,0,0,0,0,0,0,0,0,0,0,0,0,0,0,0,0,0,0,0,0,0,0,0,0,0,0,0,0,0,,0000-00-00 00:00:00,0000-00-00 00:00:00
200,9,0,0,1801,1,4,,,Back Air,,0,0,4,0,0,0,0,0,0,0,0,0,0,0,0,0,0,0,0,0,0,0,0,0,0,0,0,0,0,0,0,0,,0000-00-00 00:00:00,0000-00-00 00:00:00
201,9,0,0,833,1,5,,,Air Dodge,,0,0,6,0,0,0,0,0,0,0,0,0,0,0,0,0,0,0,0,0,0,0,0,0,0,0,0,0,0,0,0,0,,0000-00-00 00:00:00,0000-00-00 00:00:00
202,9,0,0,835,9,2,,,Forward Roll,,0,0,6,0,0,0,0,0,0,0,0,0,0,0,0,0,0,0,0,0,0,0,0,0,0,0,0,0,0,0,0,0,,0000-00-00 00:00:00,0000-00-00 00:00:00
203,9,0,0,826,2,2,,,Forward Smash,,0,0,3,0,0,0,0,0,0,0,0,0,0,0,0,0,0,0,0,0,0,0,0,0,0,0,0,0,0,0,0,0,,0000-00-00 00:00:00,0000-00-00 00:00:00
204,9,0,0,829,1,1,,,Up Air,,0,0,4,0,0,0,0,0,0,0,0,0,0,0,0,0,0,0,0,0,0,0,0,0,0,0,0,0,0,0,0,0,,0000-00-00 00:00:00,0000-00-00 00:00:00
205,9,0,0,817,4,0,,,Neutral B,,0,0,0,0,0,0,0,0,0,0,0,0,0,0,0,0,0,0,0,0,0,0,0,0,0,0,0,0,0,0,0,0,,0000-00-00 00:00:00,0000-00-00 00:00:00
206,9,0,0,1802,1,0,,,Neutral Air,,0,0,4,0,0,0,0,0,0,0,0,0,0,0,0,0,0,0,0,0,0,0,0,0,0,0,0,0,0,0,0,0,,0000-00-00 00:00:00,0000-00-00 00:00:00
207,9,0,0,827,1,3,,,Down Air,,0,0,4,0,0,0,0,0,0,0,0,0,0,0,0,0,0,0,0,0,0,0,0,0,0,0,0,0,0,0,0,0,,0000-00-00 00:00:00,0000-00-00 00:00:00
208,9,0,0,828,1,2,,,Forward Air,,0,0,4,0,0,0,0,0,0,0,0,0,0,0,0,0,0,0,0,0,0,0,0,0,0,0,0,0,0,0,0,0,,0000-00-00 00:00:00,0000-00-00 00:00:00
209,9,0,0,831,7,2,,,Running Grab,,0,0,5,0,0,0,0,0,0,0,0,0,0,0,0,0,0,0,0,0,0,0,0,0,0,0,0,0,0,0,0,0,,0000-00-00 00:00:00,0000-00-00 00:00:00
210,9,0,0,816,4,2,,,Forward B,,0,0,0,0,0,0,0,0,0,0,0,0,0,0,0,0,0,0,0,0,0,0,0,0,0,0,0,0,0,0,0,0,,0000-00-00 00:00:00,0000-00-00 00:00:00
211,9,0,0,818,4,1,,,Up B,,0,0,0,0,0,0,0,0,0,0,0,0,0,0,0,0,0,0,0,0,0,0,0,0,0,0,0,0,0,0,0,0,,0000-00-00 00:00:00,0000-00-00 00:00:00
212,9,0,0,830,6,5,,,Dash Attack,,0,0,5,0,0,0,0,0,0,0,0,0,0,0,0,0,0,0,0,0,0,0,0,0,0,0,0,0,0,0,0,0,,0000-00-00 00:00:00,0000-00-00 00:00:00
213,9,0,0,832,7,0,,,Standing Grab,,0,0,5,0,0,0,0,0,0,0,0,0,0,0,0,0,0,0,0,0,0,0,0,0,0,0,0,0,0,0,0,0,,0000-00-00 00:00:00,0000-00-00 00:00:00
214,9,0,0,834,4,4,,,Backwards Roll,,0,0,6,0,0,0,0,0,0,0,0,0,0,0,0,0,0,0,0,0,0,0,0,0,0,0,0,0,0,0,0,0,,0000-00-00 00:00:00,0000-00-00 00:00:00
215,10,0,0,837,4,2,,,Forward B (air),,0,0,0,0,0,0,0,0,0,0,0,0,0,0,0,0,0,0,0,0,0,0,0,0,0,0,0,0,0,0,0,0,,0000-00-00 00:00:00,0000-00-00 00:00:00
216,10,0,0,840,5,5,1,,Jab 1,,0,0,1,0,0,0,0,0,0,0,0,0,0,0,0,0,0,0,0,0,0,0,0,0,0,0,0,0,0,0,0,0,,0000-00-00 00:00:00,0000-00-00 00:00:00
217,10,0,0,841,5,5,2,,Jab 2,,0,0,1,0,0,0,0,0,0,0,0,0,0,0,0,0,0,0,0,0,0,0,0,0,0,0,0,0,0,0,0,0,,0000-00-00 00:00:00,0000-00-00 00:00:00
218,10,0,0,842,5,5,3,,Jab 3,,0,0,1,0,0,0,0,0,0,0,0,0,0,0,0,0,0,0,0,0,0,0,0,0,0,0,0,0,0,0,0,0,,0000-00-00 00:00:00,0000-00-00 00:00:00
219,10,0,0,843,3,3,,,Down Tilt,,0,0,2,0,0,0,0,0,0,0,0,0,0,0,0,0,0,0,0,0,0,0,0,0,0,0,0,0,0,0,0,0,,0000-00-00 00:00:00,0000-00-00 00:00:00
220,10,0,0,857,7,0,,,Standing Grab,,0,0,5,0,0,0,0,0,0,0,0,0,0,0,0,0,0,0,0,0,0,0,0,0,0,0,0,0,0,0,0,0,,0000-00-00 00:00:00,0000-00-00 00:00:00
221,10,0,0,844,3,2,,,Forward Tilt High,,0,0,2,0,0,0,0,0,0,0,0,0,0,0,0,0,0,0,0,0,0,0,0,0,0,0,0,0,0,0,0,0,,0000-00-00 00:00:00,0000-00-00 00:00:00
222,10,0,0,856,7,2,,,Running Grab,,0,0,5,0,0,0,0,0,0,0,0,0,0,0,0,0,0,0,0,0,0,0,0,0,0,0,0,0,0,0,0,0,,0000-00-00 00:00:00,0000-00-00 00:00:00
223,10,0,0,839,4,1,,,Up B,,0,0,0,0,0,0,0,0,0,0,0,0,0,0,0,0,0,0,0,0,0,0,0,0,0,0,0,0,0,0,0,0,,0000-00-00 00:00:00,0000-00-00 00:00:00
224,10,0,0,848,2,2,,,Forward Smash,,0,0,3,0,0,0,0,0,0,0,0,0,0,0,0,0,0,0,0,0,0,0,0,0,0,0,0,0,0,0,0,0,,0000-00-00 00:00:00,0000-00-00 00:00:00
225,10,0,0,845,3,2,,,Forward Tilt Low,,0,0,2,0,0,0,0,0,0,0,0,0,0,0,0,0,0,0,0,0,0,0,0,0,0,0,0,0,0,0,0,0,,0000-00-00 00:00:00,0000-00-00 00:00:00
226,10,0,0,846,3,1,,,Up Tilt,,0,0,2,0,0,0,0,0,0,0,0,0,0,0,0,0,0,0,0,0,0,0,0,0,0,0,0,0,0,0,0,0,,0000-00-00 00:00:00,0000-00-00 00:00:00
227,10,0,0,849,2,1,,,Up Smash,,0,0,3,0,0,0,0,0,0,0,0,0,0,0,0,0,0,0,0,0,0,0,0,0,0,0,0,0,0,0,0,0,,0000-00-00 00:00:00,0000-00-00 00:00:00
228,10,0,0,847,2,3,,,Down Smash,,0,0,3,0,0,0,0,0,0,0,0,0,0,0,0,0,0,0,0,0,0,0,0,0,0,0,0,0,0,0,0,0,,0000-00-00 00:00:00,0000-00-00 00:00:00
229,10,0,0,855,6,5,,,Dash Attack,,0,0,5,0,0,0,0,0,0,0,0,0,0,0,0,0,0,0,0,0,0,0,0,0,0,0,0,0,0,0,0,0,,0000-00-00 00:00:00,0000-00-00 00:00:00
230,10,0,0,850,1,4,,,Back Air,,0,0,4,0,0,0,0,0,0,0,0,0,0,0,0,0,0,0,0,0,0,0,0,0,0,0,0,0,0,0,0,0,,0000-00-00 00:00:00,0000-00-00 00:00:00
231,10,0,0,853,1,0,,,Neutral Air,,0,0,4,0,0,0,0,0,0,0,0,0,0,0,0,0,0,0,0,0,0,0,0,0,0,0,0,0,0,0,0,0,,0000-00-00 00:00:00,0000-00-00 00:00:00
232,10,0,0,851,1,3,,,Down Air,,0,0,4,0,0,0,0,0,0,0,0,0,0,0,0,0,0,0,0,0,0,0,0,0,0,0,0,0,0,0,0,0,,0000-00-00 00:00:00,0000-00-00 00:00:00
233,10,0,0,852,1,2,,,Forward Air,,0,0,4,0,0,0,0,0,0,0,0,0,0,0,0,0,0,0,0,0,0,0,0,0,0,0,0,0,0,0,0,0,,0000-00-00 00:00:00,0000-00-00 00:00:00
234,10,0,0,838,4,0,,,Neutral B,,0,0,0,0,0,0,0,0,0,0,0,0,0,0,0,0,0,0,0,0,0,0,0,0,0,0,0,0,0,0,0,0,,0000-00-00 00:00:00,0000-00-00 00:00:00
235,10,0,0,836,4,3,,,Down B,,0,0,0,0,0,0,0,0,0,0,0,0,0,0,0,0,0,0,0,0,0,0,0,0,0,0,0,0,0,0,0,0,,0000-00-00 00:00:00,0000-00-00 00:00:00
236,10,0,0,854,1,1,,,Up Air,,0,0,4,0,0,0,0,0,0,0,0,0,0,0,0,0,0,0,0,0,0,0,0,0,0,0,0,0,0,0,0,0,,0000-00-00 00:00:00,0000-00-00 00:00:00
237,11,0,0,859,2,1,,,Up Smash,,0,0,0,0,0,0,0,0,0,0,0,0,0,0,0,0,0,0,0,0,0,0,0,0,0,0,0,0,0,0,0,0,,0000-00-00 00:00:00,0000-00-00 00:00:00
238,11,0,0,860,5,5,1,,Jab 1,,0,0,1,0,0,0,0,0,0,0,0,0,0,0,0,0,0,0,0,0,0,0,0,0,0,0,0,0,0,0,0,0,,0000-00-00 00:00:00,0000-00-00 00:00:00
239,11,0,0,863,3,2,,,Forward Tilt,,0,0,2,0,0,0,0,0,0,0,0,0,0,0,0,0,0,0,0,0,0,0,0,0,0,0,0,0,0,0,0,0,,0000-00-00 00:00:00,0000-00-00 00:00:00
240,11,0,0,862,3,3,,,Down Tilt,,0,0,2,0,0,0,0,0,0,0,0,0,0,0,0,0,0,0,0,0,0,0,0,0,0,0,0,0,0,0,0,0,,0000-00-00 00:00:00,0000-00-00 00:00:00
241,11,0,0,866,2,2,,,Forward Smash,,0,0,3,0,0,0,0,0,0,0,0,0,0,0,0,0,0,0,0,0,0,0,0,0,0,0,0,0,0,0,0,0,,0000-00-00 00:00:00,0000-00-00 00:00:00
242,11,0,0,870,1,0,,,Neutral Air,,0,0,4,0,0,0,0,0,0,0,0,0,0,0,0,0,0,0,0,0,0,0,0,0,0,0,0,0,0,0,0,0,,0000-00-00 00:00:00,0000-00-00 00:00:00
243,11,0,0,867,1,4,,,Back Air,,0,0,4,0,0,0,0,0,0,0,0,0,0,0,0,0,0,0,0,0,0,0,0,0,0,0,0,0,0,0,0,0,,0000-00-00 00:00:00,0000-00-00 00:00:00
244,11,0,0,871,1,1,,,Up Air,,0,0,4,0,0,0,0,0,0,0,0,0,0,0,0,0,0,0,0,0,0,0,0,0,0,0,0,0,0,0,0,0,,0000-00-00 00:00:00,0000-00-00 00:00:00
245,11,0,0,868,1,3,,,Down Air,,0,0,4,0,0,0,0,0,0,0,0,0,0,0,0,0,0,0,0,0,0,0,0,0,0,0,0,0,0,0,0,0,,0000-00-00 00:00:00,0000-00-00 00:00:00
246,11,0,0,869,1,2,,,Forward Air,,0,0,4,0,0,0,0,0,0,0,0,0,0,0,0,0,0,0,0,0,0,0,0,0,0,0,0,0,0,0,0,0,,0000-00-00 00:00:00,0000-00-00 00:00:00
247,11,0,0,872,1,5,,,Z Air,,0,0,4,0,0,0,0,0,0,0,0,0,0,0,0,0,0,0,0,0,0,0,0,0,0,0,0,0,0,0,0,0,,0000-00-00 00:00:00,0000-00-00 00:00:00
248,11,0,0,873,6,5,,,Dash Attack,,0,0,5,0,0,0,0,0,0,0,0,0,0,0,0,0,0,0,0,0,0,0,0,0,0,0,0,0,0,0,0,0,,0000-00-00 00:00:00,0000-00-00 00:00:00
249,11,0,0,1804,4,1,,,Up B (Ground),,0,0,0,0,0,0,0,0,0,0,0,0,0,0,0,0,0,0,0,0,0,0,0,0,0,0,0,0,0,0,0,0,,0000-00-00 00:00:00,0000-00-00 00:00:00
250,11,0,0,874,7,2,,,Running Grab,,0,0,5,0,0,0,0,0,0,0,0,0,0,0,0,0,0,0,0,0,0,0,0,0,0,0,0,0,0,0,0,0,,0000-00-00 00:00:00,0000-00-00 00:00:00
251,11,0,0,1805,1,1,,,Up B (Air),,0,0,0,0,0,0,0,0,0,0,0,0,0,0,0,0,0,0,0,0,0,0,0,0,0,0,0,0,0,0,0,0,,0000-00-00 00:00:00,0000-00-00 00:00:00
252,11,0,0,858,4,0,,,Neutral B,,0,0,0,0,0,0,0,0,0,0,0,0,0,0,0,0,0,0,0,0,0,0,0,0,0,0,0,0,0,0,0,0,,0000-00-00 00:00:00,0000-00-00 00:00:00
253,11,0,0,875,7,0,,,Standing Grab,,0,0,5,0,0,0,0,0,0,0,0,0,0,0,0,0,0,0,0,0,0,0,0,0,0,0,0,0,0,0,0,0,,0000-00-00 00:00:00,0000-00-00 00:00:00
254,11,0,0,1803,4,1,,,Up B,,0,0,0,0,0,0,0,0,0,0,0,0,0,0,0,0,0,0,0,0,0,0,0,0,0,0,0,0,0,0,0,0,,0000-00-00 00:00:00,0000-00-00 00:00:00
255,11,0,0,861,5,5,2,,Jab 2,,0,0,1,0,0,0,0,0,0,0,0,0,0,0,0,0,0,0,0,0,0,0,0,0,0,0,0,0,0,0,0,0,,0000-00-00 00:00:00,0000-00-00 00:00:00
256,11,0,0,1806,5,5,3,,Jab 3,,0,0,1,0,0,0,0,0,0,0,0,0,0,0,0,0,0,0,0,0,0,0,0,0,0,0,0,0,0,0,0,0,,0000-00-00 00:00:00,0000-00-00 00:00:00
257,11,0,0,865,2,3,,,Down Smash,,0,0,3,0,0,0,0,0,0,0,0,0,0,0,0,0,0,0,0,0,0,0,0,0,0,0,0,0,0,0,0,0,,0000-00-00 00:00:00,0000-00-00 00:00:00
258,11,0,0,864,3,1,,,Up Tilt,,0,0,2,0,0,0,0,0,0,0,0,0,0,0,0,0,0,0,0,0,0,0,0,0,0,0,0,0,0,0,0,0,,0000-00-00 00:00:00,0000-00-00 00:00:00
259,11,0,0,1807,5,5,,,Jab (Rapid),,0,0,1,0,0,0,0,0,0,0,0,0,0,0,0,0,0,0,0,0,0,0,0,0,0,0,0,0,0,0,0,0,,0000-00-00 00:00:00,0000-00-00 00:00:00
260,12,0,0,879,5,5,1,,Jab 1,,0,0,1,0,0,0,0,0,0,0,0,0,0,0,0,0,0,0,0,0,0,0,0,0,0,0,0,0,0,0,0,0,,0000-00-00 00:00:00,0000-00-00 00:00:00
261,12,0,0,880,5,5,2,,Jab 2,,0,0,1,0,0,0,0,0,0,0,0,0,0,0,0,0,0,0,0,0,0,0,0,0,0,0,0,0,0,0,0,0,,0000-00-00 00:00:00,0000-00-00 00:00:00
262,12,0,0,881,5,5,3,,Jab 3,,0,0,1,0,0,0,0,0,0,0,0,0,0,0,0,0,0,0,0,0,0,0,0,0,0,0,0,0,0,0,0,0,,0000-00-00 00:00:00,0000-00-00 00:00:00
263,12,0,0,884,3,2,,,Forward Tilt High,,0,0,2,0,0,0,0,0,0,0,0,0,0,0,0,0,0,0,0,0,0,0,0,0,0,0,0,0,0,0,0,0,,0000-00-00 00:00:00,0000-00-00 00:00:00
264,12,0,0,883,3,2,,,Forward Tilt,,0,0,2,0,0,0,0,0,0,0,0,0,0,0,0,0,0,0,0,0,0,0,0,0,0,0,0,0,0,0,0,0,,0000-00-00 00:00:00,0000-00-00 00:00:00
265,12,0,0,885,3,2,,,Forward Tilt Low,,0,0,2,0,0,0,0,0,0,0,0,0,0,0,0,0,0,0,0,0,0,0,0,0,0,0,0,0,0,0,0,0,,0000-00-00 00:00:00,0000-00-00 00:00:00
266,12,0,0,894,1,0,,,Neutral Air,,0,0,4,0,0,0,0,0,0,0,0,0,0,0,0,0,0,0,0,0,0,0,0,0,0,0,0,0,0,0,0,0,,0000-00-00 00:00:00,0000-00-00 00:00:00
267,12,0,0,882,3,3,,,Down Tilt,,0,0,2,0,0,0,0,0,0,0,0,0,0,0,0,0,0,0,0,0,0,0,0,0,0,0,0,0,0,0,0,0,,0000-00-00 00:00:00,0000-00-00 00:00:00
268,12,0,0,877,4,0,,,Neutral B,,0,0,0,0,0,0,0,0,0,0,0,0,0,0,0,0,0,0,0,0,0,0,0,0,0,0,0,0,0,0,0,0,,0000-00-00 00:00:00,0000-00-00 00:00:00
269,12,0,0,878,4,1,,,Up B,,0,0,0,0,0,0,0,0,0,0,0,0,0,0,0,0,0,0,0,0,0,0,0,0,0,0,0,0,0,0,0,0,,0000-00-00 00:00:00,0000-00-00 00:00:00
270,12,0,0,1808,1,3,,,Down B (Air),,0,0,0,0,0,0,0,0,0,0,0,0,0,0,0,0,0,0,0,0,0,0,0,0,0,0,0,0,0,0,0,0,,0000-00-00 00:00:00,0000-00-00 00:00:00
271,12,0,0,876,4,2,,,Forward B,,0,0,0,0,0,0,0,0,0,0,0,0,0,0,0,0,0,0,0,0,0,0,0,0,0,0,0,0,0,0,0,0,,0000-00-00 00:00:00,0000-00-00 00:00:00
272,12,0,0,896,11,5,,,Taunt,,0,0,5,0,0,0,0,0,0,0,0,0,0,0,0,0,0,0,0,0,0,0,0,0,0,0,0,0,0,0,0,0,,0000-00-00 00:00:00,0000-00-00 00:00:00
273,12,0,0,886,3,1,,,Up Tilt,,0,0,2,0,0,0,0,0,0,0,0,0,0,0,0,0,0,0,0,0,0,0,0,0,0,0,0,0,0,0,0,0,,0000-00-00 00:00:00,0000-00-00 00:00:00
274,12,0,0,888,2,2,,,Forward Smash High,,0,0,3,0,0,0,0,0,0,0,0,0,0,0,0,0,0,0,0,0,0,0,0,0,0,0,0,0,0,0,0,0,,0000-00-00 00:00:00,0000-00-00 00:00:00
275,12,0,0,890,2,1,,,Up Smash,,0,0,3,0,0,0,0,0,0,0,0,0,0,0,0,0,0,0,0,0,0,0,0,0,0,0,0,0,0,0,0,0,,0000-00-00 00:00:00,0000-00-00 00:00:00
276,12,0,0,889,2,2,,,Forward Smash Low,,0,0,3,0,0,0,0,0,0,0,0,0,0,0,0,0,0,0,0,0,0,0,0,0,0,0,0,0,0,0,0,0,,0000-00-00 00:00:00,0000-00-00 00:00:00
277,12,0,0,895,1,1,,,Up Air,,0,0,4,0,0,0,0,0,0,0,0,0,0,0,0,0,0,0,0,0,0,0,0,0,0,0,0,0,0,0,0,0,,0000-00-00 00:00:00,0000-00-00 00:00:00
278,12,0,0,887,2,3,,,Down Smash,,0,0,3,0,0,0,0,0,0,0,0,0,0,0,0,0,0,0,0,0,0,0,0,0,0,0,0,0,0,0,0,0,,0000-00-00 00:00:00,0000-00-00 00:00:00
279,12,0,0,893,1,2,,,Forward Air,,0,0,4,0,0,0,0,0,0,0,0,0,0,0,0,0,0,0,0,0,0,0,0,0,0,0,0,0,0,0,0,0,,0000-00-00 00:00:00,0000-00-00 00:00:00
280,12,0,0,897,,1,,,Get Up Attack,,0,0,6,0,0,0,0,0,0,0,0,0,0,0,0,0,0,0,0,0,0,0,0,0,0,0,0,0,0,0,0,0,,0000-00-00 00:00:00,0000-00-00 00:00:00
281,12,0,0,892,1,3,,,Down Air,,0,0,4,0,0,0,0,0,0,0,0,0,0,0,0,0,0,0,0,0,0,0,0,0,0,0,0,0,0,0,0,0,,0000-00-00 00:00:00,0000-00-00 00:00:00
282,12,0,0,891,1,4,,,Back Air,,0,0,4,0,0,0,0,0,0,0,0,0,0,0,0,0,0,0,0,0,0,0,0,0,0,0,0,0,0,0,0,0,,0000-00-00 00:00:00,0000-00-00 00:00:00
283,12,0,0,1809,4,3,,,Down B (Ground),,0,0,0,0,0,0,0,0,0,0,0,0,0,0,0,0,0,0,0,0,0,0,0,0,0,0,0,0,0,0,0,0,,0000-00-00 00:00:00,0000-00-00 00:00:00
284,12,0,0,899,7,0,,,Standing Grab,,0,0,5,0,0,0,0,0,0,0,0,0,0,0,0,0,0,0,0,0,0,0,0,0,0,0,0,0,0,0,0,0,,0000-00-00 00:00:00,0000-00-00 00:00:00
285,12,0,0,898,7,2,,,Running Grab,,0,0,5,0,0,0,0,0,0,0,0,0,0,0,0,0,0,0,0,0,0,0,0,0,0,0,0,0,0,0,0,0,,0000-00-00 00:00:00,0000-00-00 00:00:00
286,13,0,0,901,4,2,,,Forward B,,0,0,0,0,0,0,0,0,0,0,0,0,0,0,0,0,0,0,0,0,0,0,0,0,0,0,0,0,0,0,0,0,,0000-00-00 00:00:00,0000-00-00 00:00:00
287,13,0,0,903,5,5,1,,Jab 1,,0,0,1,0,0,0,0,0,0,0,0,0,0,0,0,0,0,0,0,0,0,0,0,0,0,0,0,0,0,0,0,0,,0000-00-00 00:00:00,0000-00-00 00:00:00
288,13,0,0,904,5,5,2,,Jab 2,,0,0,1,0,0,0,0,0,0,0,0,0,0,0,0,0,0,0,0,0,0,0,0,0,0,0,0,0,0,0,0,0,,0000-00-00 00:00:00,0000-00-00 00:00:00
289,13,0,0,905,5,5,3,,Jab 3,,0,0,1,0,0,0,0,0,0,0,0,0,0,0,0,0,0,0,0,0,0,0,0,0,0,0,0,0,0,0,0,0,,0000-00-00 00:00:00,0000-00-00 00:00:00
290,13,0,0,908,3,2,,,Forward Tilt High,,0,0,2,0,0,0,0,0,0,0,0,0,0,0,0,0,0,0,0,0,0,0,0,0,0,0,0,0,0,0,0,0,,0000-00-00 00:00:00,0000-00-00 00:00:00
291,13,0,0,907,3,2,,,Forward Tilt,,0,0,2,0,0,0,0,0,0,0,0,0,0,0,0,0,0,0,0,0,0,0,0,0,0,0,0,0,0,0,0,0,,0000-00-00 00:00:00,0000-00-00 00:00:00
292,13,0,0,909,3,2,,,Forward Tilt Low,,0,0,2,0,0,0,0,0,0,0,0,0,0,0,0,0,0,0,0,0,0,0,0,0,0,0,0,0,0,0,0,0,,0000-00-00 00:00:00,0000-00-00 00:00:00
293,13,0,0,906,3,3,,,Down Tilt,,0,0,2,0,0,0,0,0,0,0,0,0,0,0,0,0,0,0,0,0,0,0,0,0,0,0,0,0,0,0,0,0,,0000-00-00 00:00:00,0000-00-00 00:00:00
294,13,0,0,910,3,1,,,Up Tilt,,0,0,2,0,0,0,0,0,0,0,0,0,0,0,0,0,0,0,0,0,0,0,0,0,0,0,0,0,0,0,0,0,,0000-00-00 00:00:00,0000-00-00 00:00:00
295,13,0,0,912,2,2,,,Forward Smash High,,0,0,3,0,0,0,0,0,0,0,0,0,0,0,0,0,0,0,0,0,0,0,0,0,0,0,0,0,0,0,0,0,,0000-00-00 00:00:00,0000-00-00 00:00:00
296,13,0,0,914,2,1,,,Up Smash,,0,0,3,0,0,0,0,0,0,0,0,0,0,0,0,0,0,0,0,0,0,0,0,0,0,0,0,0,0,0,0,0,,0000-00-00 00:00:00,0000-00-00 00:00:00
297,13,0,0,919,6,5,,,Dash Attack,,0,0,5,0,0,0,0,0,0,0,0,0,0,0,0,0,0,0,0,0,0,0,0,0,0,0,0,0,0,0,0,0,,0000-00-00 00:00:00,0000-00-00 00:00:00
298,13,0,0,915,1,4,,,Back Air,,0,0,4,0,0,0,0,0,0,0,0,0,0,0,0,0,0,0,0,0,0,0,0,0,0,0,0,0,0,0,0,0,,0000-00-00 00:00:00,0000-00-00 00:00:00
299,13,0,0,916,1,2,,,Forward Air,,0,0,4,0,0,0,0,0,0,0,0,0,0,0,0,0,0,0,0,0,0,0,0,0,0,0,0,0,0,0,0,0,,0000-00-00 00:00:00,0000-00-00 00:00:00
300,13,0,0,900,4,3,,,Down B,,0,0,0,0,0,0,0,0,0,0,0,0,0,0,0,0,0,0,0,0,0,0,0,0,0,0,0,0,0,0,0,0,,0000-00-00 00:00:00,0000-00-00 00:00:00
301,13,0,0,921,7,0,,,Standing Grab,,0,0,5,0,0,0,0,0,0,0,0,0,0,0,0,0,0,0,0,0,0,0,0,0,0,0,0,0,0,0,0,0,,0000-00-00 00:00:00,0000-00-00 00:00:00
302,13,0,0,902,4,1,,,Up B,,0,0,0,0,0,0,0,0,0,0,0,0,0,0,0,0,0,0,0,0,0,0,0,0,0,0,0,0,0,0,0,0,,0000-00-00 00:00:00,0000-00-00 00:00:00
303,13,0,0,913,2,2,,,Forward Smash Low,,0,0,3,0,0,0,0,0,0,0,0,0,0,0,0,0,0,0,0,0,0,0,0,0,0,0,0,0,0,0,0,0,,0000-00-00 00:00:00,0000-00-00 00:00:00
304,13,0,0,920,7,2,,,Running Grab,,0,0,5,0,0,0,0,0,0,0,0,0,0,0,0,0,0,0,0,0,0,0,0,0,0,0,0,0,0,0,0,0,,0000-00-00 00:00:00,0000-00-00 00:00:00
305,13,0,0,911,2,3,,,Down Smash,,0,0,3,0,0,0,0,0,0,0,0,0,0,0,0,0,0,0,0,0,0,0,0,0,0,0,0,0,0,0,0,0,,0000-00-00 00:00:00,0000-00-00 00:00:00
306,13,0,0,917,1,0,,,Neutral Air,,0,0,4,0,0,0,0,0,0,0,0,0,0,0,0,0,0,0,0,0,0,0,0,0,0,0,0,0,0,0,0,0,,0000-00-00 00:00:00,0000-00-00 00:00:00
307,13,0,0,918,1,1,,,Up Air,,0,0,4,0,0,0,0,0,0,0,0,0,0,0,0,0,0,0,0,0,0,0,0,0,0,0,0,0,0,0,0,0,,0000-00-00 00:00:00,0000-00-00 00:00:00
308,14,0,0,922,4,3,,,Down B,,0,0,0,0,0,0,0,0,0,0,0,0,0,0,0,0,0,0,0,0,0,0,0,0,0,0,0,0,0,0,0,0,,0000-00-00 00:00:00,0000-00-00 00:00:00
309,14,0,0,924,4,2,3,,Forward B 3 Down,,0,0,0,0,0,0,0,0,0,0,0,0,0,0,0,0,0,0,0,0,0,0,0,0,0,0,0,0,0,0,0,0,,0000-00-00 00:00:00,0000-00-00 00:00:00
310,14,0,0,930,4,0,,,Neutral B,,0,0,0,0,0,0,0,0,0,0,0,0,0,0,0,0,0,0,0,0,0,0,0,0,0,0,0,0,0,0,0,0,,0000-00-00 00:00:00,0000-00-00 00:00:00
311,14,0,0,932,5,5,1,,Jab 1,,0,0,1,0,0,0,0,0,0,0,0,0,0,0,0,0,0,0,0,0,0,0,0,0,0,0,0,0,0,0,0,0,,0000-00-00 00:00:00,0000-00-00 00:00:00
312,14,0,0,933,5,5,2,,Jab 2,,0,0,1,0,0,0,0,0,0,0,0,0,0,0,0,0,0,0,0,0,0,0,0,0,0,0,0,0,0,0,0,0,,0000-00-00 00:00:00,0000-00-00 00:00:00
313,14,0,0,935,3,2,,,Forward Tilt,,0,0,2,0,0,0,0,0,0,0,0,0,0,0,0,0,0,0,0,0,0,0,0,0,0,0,0,0,0,0,0,0,,0000-00-00 00:00:00,0000-00-00 00:00:00
314,14,0,0,934,3,3,,,Down Tilt,,0,0,2,0,0,0,0,0,0,0,0,0,0,0,0,0,0,0,0,0,0,0,0,0,0,0,0,0,0,0,0,0,,0000-00-00 00:00:00,0000-00-00 00:00:00
315,14,0,0,936,3,1,,,Up Tilt,,0,0,2,0,0,0,0,0,0,0,0,0,0,0,0,0,0,0,0,0,0,0,0,0,0,0,0,0,0,0,0,0,,0000-00-00 00:00:00,0000-00-00 00:00:00
316,14,0,0,938,2,2,,,Forward Smash,,0,0,3,0,0,0,0,0,0,0,0,0,0,0,0,0,0,0,0,0,0,0,0,0,0,0,0,0,0,0,0,0,,0000-00-00 00:00:00,0000-00-00 00:00:00
317,14,0,0,939,2,1,,,Up Smash,,0,0,3,0,0,0,0,0,0,0,0,0,0,0,0,0,0,0,0,0,0,0,0,0,0,0,0,0,0,0,0,0,,0000-00-00 00:00:00,0000-00-00 00:00:00
318,14,0,0,937,2,3,,,Down Smash,,0,0,3,0,0,0,0,0,0,0,0,0,0,0,0,0,0,0,0,0,0,0,0,0,0,0,0,0,0,0,0,0,,0000-00-00 00:00:00,0000-00-00 00:00:00
319,14,0,0,943,1,0,,,Neutral Air,,0,0,4,0,0,0,0,0,0,0,0,0,0,0,0,0,0,0,0,0,0,0,0,0,0,0,0,0,0,0,0,0,,0000-00-00 00:00:00,0000-00-00 00:00:00
320,14,0,0,942,1,2,,,Forward Air,,0,0,4,0,0,0,0,0,0,0,0,0,0,0,0,0,0,0,0,0,0,0,0,0,0,0,0,0,0,0,0,0,,0000-00-00 00:00:00,0000-00-00 00:00:00
321,14,0,0,945,6,5,,,Dash Attack,,0,0,5,0,0,0,0,0,0,0,0,0,0,0,0,0,0,0,0,0,0,0,0,0,0,0,0,0,0,0,0,0,,0000-00-00 00:00:00,0000-00-00 00:00:00
322,14,0,0,940,1,4,,,Back Air,,0,0,4,0,0,0,0,0,0,0,0,0,0,0,0,0,0,0,0,0,0,0,0,0,0,0,0,0,0,0,0,0,,0000-00-00 00:00:00,0000-00-00 00:00:00
323,14,0,0,946,7,2,,,Running Grab,,0,0,5,0,0,0,0,0,0,0,0,0,0,0,0,0,0,0,0,0,0,0,0,0,0,0,0,0,0,0,0,0,,0000-00-00 00:00:00,0000-00-00 00:00:00
324,14,0,0,944,1,1,,,Up Air,,0,0,4,0,0,0,0,0,0,0,0,0,0,0,0,0,0,0,0,0,0,0,0,0,0,0,0,0,0,0,0,0,,0000-00-00 00:00:00,0000-00-00 00:00:00
325,14,0,0,941,1,3,,,Down Air,,0,0,4,0,0,0,0,0,0,0,0,0,0,0,0,0,0,0,0,0,0,0,0,0,0,0,0,0,0,0,0,0,,0000-00-00 00:00:00,0000-00-00 00:00:00
326,14,0,0,925,4,0,3,,Forward B 3 Neutral,,0,0,0,0,0,0,0,0,0,0,0,0,0,0,0,0,0,0,0,0,0,0,0,0,0,0,0,0,0,0,0,0,,0000-00-00 00:00:00,0000-00-00 00:00:00
327,14,0,0,926,4,1,3,,Forward B 3 Up,,0,0,0,0,0,0,0,0,0,0,0,0,0,0,0,0,0,0,0,0,0,0,0,0,0,0,0,0,0,0,0,0,,0000-00-00 00:00:00,0000-00-00 00:00:00
328,14,0,0,928,4,0,4,,Forward B 4 Neutral,,0,0,0,0,0,0,0,0,0,0,0,0,0,0,0,0,0,0,0,0,0,0,0,0,0,0,0,0,0,0,0,0,,0000-00-00 00:00:00,0000-00-00 00:00:00
329,14,0,0,927,4,2,4,,Forward B 4 Down,,0,0,0,0,0,0,0,0,0,0,0,0,0,0,0,0,0,0,0,0,0,0,0,0,0,0,0,0,0,0,0,0,,0000-00-00 00:00:00,0000-00-00 00:00:00
330,14,0,0,949,4,4,,,Backwards Roll,,0,0,6,0,0,0,0,0,0,0,0,0,0,0,0,0,0,0,0,0,0,0,0,0,0,0,0,0,0,0,0,0,,0000-00-00 00:00:00,0000-00-00 00:00:00
331,14,0,0,951,9,2,,,Forward Roll,,0,0,6,0,0,0,0,0,0,0,0,0,0,0,0,0,0,0,0,0,0,0,0,0,0,0,0,0,0,0,0,0,,0000-00-00 00:00:00,0000-00-00 00:00:00
332,14,0,0,929,4,1,4,,Forward B 4 Up,,0,0,0,0,0,0,0,0,0,0,0,0,0,0,0,0,0,0,0,0,0,0,0,0,0,0,0,0,0,0,0,0,,0000-00-00 00:00:00,0000-00-00 00:00:00
333,14,0,0,1811,4,2,2,,Forward B 2 (Low),,0,0,0,0,0,0,0,0,0,0,0,0,0,0,0,0,0,0,0,0,0,0,0,0,0,0,0,0,0,0,0,0,,0000-00-00 00:00:00,0000-00-00 00:00:00
334,14,0,0,931,4,1,,,Up B,,0,0,0,0,0,0,0,0,0,0,0,0,0,0,0,0,0,0,0,0,0,0,0,0,0,0,0,0,0,0,0,0,,0000-00-00 00:00:00,0000-00-00 00:00:00
335,14,0,0,948,1,5,,,Air Dodge,,0,0,6,0,0,0,0,0,0,0,0,0,0,0,0,0,0,0,0,0,0,0,0,0,0,0,0,0,0,0,0,0,,0000-00-00 00:00:00,0000-00-00 00:00:00
336,14,0,0,950,8,5,,,Dodge,,0,0,6,0,0,0,0,0,0,0,0,0,0,0,0,0,0,0,0,0,0,0,0,0,0,0,0,0,0,0,0,0,,0000-00-00 00:00:00,0000-00-00 00:00:00
337,14,0,0,947,7,0,,,Standing Grab,,0,0,5,0,0,0,0,0,0,0,0,0,0,0,0,0,0,0,0,0,0,0,0,0,0,0,0,0,0,0,0,0,,0000-00-00 00:00:00,0000-00-00 00:00:00
338,14,0,0,923,4,2,1,,Forward B 1,,0,0,0,0,0,0,0,0,0,0,0,0,0,0,0,0,0,0,0,0,0,0,0,0,0,0,0,0,0,0,0,0,,0000-00-00 00:00:00,0000-00-00 00:00:00
339,14,0,0,1810,4,2,2,,Forward B 2 (High),,0,0,0,0,0,0,0,0,0,0,0,0,0,0,0,0,0,0,0,0,0,0,0,0,0,0,0,0,0,0,0,0,,0000-00-00 00:00:00,0000-00-00 00:00:00
340,15,0,0,954,5,5,1,,Jab 1,,0,0,1,0,0,0,0,0,0,0,0,0,0,0,0,0,0,0,0,0,0,0,0,0,0,0,0,0,0,0,0,0,,0000-00-00 00:00:00,0000-00-00 00:00:00
341,15,0,0,955,5,5,2,,Jab 2,,0,0,1,0,0,0,0,0,0,0,0,0,0,0,0,0,0,0,0,0,0,0,0,0,0,0,0,0,0,0,0,0,,0000-00-00 00:00:00,0000-00-00 00:00:00
342,15,0,0,957,3,2,,,Forward Tilt,,0,0,2,0,0,0,0,0,0,0,0,0,0,0,0,0,0,0,0,0,0,0,0,0,0,0,0,0,0,0,0,0,,0000-00-00 00:00:00,0000-00-00 00:00:00
343,15,0,0,956,3,3,,,Down Tilt,,0,0,2,0,0,0,0,0,0,0,0,0,0,0,0,0,0,0,0,0,0,0,0,0,0,0,0,0,0,0,0,0,,0000-00-00 00:00:00,0000-00-00 00:00:00
344,15,0,0,961,2,3,,,Down Smash,,0,0,3,0,0,0,0,0,0,0,0,0,0,0,0,0,0,0,0,0,0,0,0,0,0,0,0,0,0,0,0,0,,0000-00-00 00:00:00,0000-00-00 00:00:00
345,15,0,0,963,2,1,,,Up Smash,,0,0,3,0,0,0,0,0,0,0,0,0,0,0,0,0,0,0,0,0,0,0,0,0,0,0,0,0,0,0,0,0,,0000-00-00 00:00:00,0000-00-00 00:00:00
346,15,0,0,962,2,2,,,Forward Smash,,0,0,3,0,0,0,0,0,0,0,0,0,0,0,0,0,0,0,0,0,0,0,0,0,0,0,0,0,0,0,0,0,,0000-00-00 00:00:00,0000-00-00 00:00:00
347,15,0,0,964,1,4,,,Back Air,,0,0,4,0,0,0,0,0,0,0,0,0,0,0,0,0,0,0,0,0,0,0,0,0,0,0,0,0,0,0,0,0,,0000-00-00 00:00:00,0000-00-00 00:00:00
348,15,0,0,967,1,0,,,Neutral Air,,0,0,4,0,0,0,0,0,0,0,0,0,0,0,0,0,0,0,0,0,0,0,0,0,0,0,0,0,0,0,0,0,,0000-00-00 00:00:00,0000-00-00 00:00:00
349,15,0,0,966,1,2,,,Forward Air,,0,0,4,0,0,0,0,0,0,0,0,0,0,0,0,0,0,0,0,0,0,0,0,0,0,0,0,0,0,0,0,0,,0000-00-00 00:00:00,0000-00-00 00:00:00
350,15,0,0,970,6,5,,,Dash Attack,,0,0,5,0,0,0,0,0,0,0,0,0,0,0,0,0,0,0,0,0,0,0,0,0,0,0,0,0,0,0,0,0,,0000-00-00 00:00:00,0000-00-00 00:00:00
351,15,0,0,969,10,4,,,Backwards Throw,,0,0,5,0,0,0,0,0,0,0,0,0,0,0,0,0,0,0,0,0,0,0,0,0,0,0,0,0,0,0,0,0,,0000-00-00 00:00:00,0000-00-00 00:00:00
352,15,0,0,958,3,2,,,Forward Tilt High,,0,0,2,0,0,0,0,0,0,0,0,0,0,0,0,0,0,0,0,0,0,0,0,0,0,0,0,0,0,0,0,0,,0000-00-00 00:00:00,0000-00-00 00:00:00
353,15,0,0,974,1,5,,,Air Dodge,,0,0,6,0,0,0,0,0,0,0,0,0,0,0,0,0,0,0,0,0,0,0,0,0,0,0,0,0,0,0,0,0,,0000-00-00 00:00:00,0000-00-00 00:00:00
354,15,0,0,952,4,3,,,Down B,,0,0,0,0,0,0,0,0,0,0,0,0,0,0,0,0,0,0,0,0,0,0,0,0,0,0,0,0,0,0,0,0,,0000-00-00 00:00:00,0000-00-00 00:00:00
355,15,0,0,973,7,0,,,Standing Grab,,0,0,5,0,0,0,0,0,0,0,0,0,0,0,0,0,0,0,0,0,0,0,0,0,0,0,0,0,0,0,0,0,,0000-00-00 00:00:00,0000-00-00 00:00:00
356,15,0,0,960,3,1,,,Up Tilt,,0,0,2,0,0,0,0,0,0,0,0,0,0,0,0,0,0,0,0,0,0,0,0,0,0,0,0,0,0,0,0,0,,0000-00-00 00:00:00,0000-00-00 00:00:00
357,15,0,0,959,3,2,,,Forward Tilt Low,,0,0,2,0,0,0,0,0,0,0,0,0,0,0,0,0,0,0,0,0,0,0,0,0,0,0,0,0,0,0,0,0,,0000-00-00 00:00:00,0000-00-00 00:00:00
358,15,0,0,968,1,1,,,Up Air,,0,0,4,0,0,0,0,0,0,0,0,0,0,0,0,0,0,0,0,0,0,0,0,0,0,0,0,0,0,0,0,0,,0000-00-00 00:00:00,0000-00-00 00:00:00
359,15,0,0,965,1,3,,,Down Air,,0,0,4,0,0,0,0,0,0,0,0,0,0,0,0,0,0,0,0,0,0,0,0,0,0,0,0,0,0,0,0,0,,0000-00-00 00:00:00,0000-00-00 00:00:00
360,15,0,0,972,7,2,,,Running Grab,,0,0,5,0,0,0,0,0,0,0,0,0,0,0,0,0,0,0,0,0,0,0,0,0,0,0,0,0,0,0,0,0,,0000-00-00 00:00:00,0000-00-00 00:00:00
361,15,0,0,953,4,2,,,Forward B,,0,0,0,0,0,0,0,0,0,0,0,0,0,0,0,0,0,0,0,0,0,0,0,0,0,0,0,0,0,0,0,0,,0000-00-00 00:00:00,0000-00-00 00:00:00
362,15,0,0,977,9,2,,,Forward Roll,,0,0,6,0,0,0,0,0,0,0,0,0,0,0,0,0,0,0,0,0,0,0,0,0,0,0,0,0,0,0,0,0,,0000-00-00 00:00:00,0000-00-00 00:00:00
363,15,0,0,975,4,4,,,Backwards Roll,,0,0,6,0,0,0,0,0,0,0,0,0,0,0,0,0,0,0,0,0,0,0,0,0,0,0,0,0,0,0,0,0,,0000-00-00 00:00:00,0000-00-00 00:00:00
364,15,0,0,976,8,5,,,Dodge,,0,0,6,0,0,0,0,0,0,0,0,0,0,0,0,0,0,0,0,0,0,0,0,0,0,0,0,0,0,0,0,0,,0000-00-00 00:00:00,0000-00-00 00:00:00
365,15,0,0,971,10,2,,,Forward Throw,,0,0,5,0,0,0,0,0,0,0,0,0,0,0,0,0,0,0,0,0,0,0,0,0,0,0,0,0,0,0,0,0,,0000-00-00 00:00:00,0000-00-00 00:00:00
366,16,0,0,1812,4,3,,,Down B,,0,0,0,0,0,0,0,0,0,0,0,0,0,0,0,0,0,0,0,0,0,0,0,0,0,0,0,0,0,0,0,0,,0000-00-00 00:00:00,0000-00-00 00:00:00
367,16,0,0,1813,4,3,,,Down B (Charged),,0,0,0,0,0,0,0,0,0,0,0,0,0,0,0,0,0,0,0,0,0,0,0,0,0,0,0,0,0,0,0,0,,0000-00-00 00:00:00,0000-00-00 00:00:00
368,16,0,0,978,4,1,,,Up B,,0,0,0,0,0,0,0,0,0,0,0,0,0,0,0,0,0,0,0,0,0,0,0,0,0,0,0,0,0,0,0,0,,0000-00-00 00:00:00,0000-00-00 00:00:00
369,16,0,0,987,1,0,,,Neutral Air,,0,0,4,0,0,0,0,0,0,0,0,0,0,0,0,0,0,0,0,0,0,0,0,0,0,0,0,0,0,0,0,0,,0000-00-00 00:00:00,0000-00-00 00:00:00
370,16,0,0,986,1,2,,,Forward Air,,0,0,4,0,0,0,0,0,0,0,0,0,0,0,0,0,0,0,0,0,0,0,0,0,0,0,0,0,0,0,0,0,,0000-00-00 00:00:00,0000-00-00 00:00:00
371,16,0,0,985,1,3,,,Down Air,,0,0,4,0,0,0,0,0,0,0,0,0,0,0,0,0,0,0,0,0,0,0,0,0,0,0,0,0,0,0,0,0,,0000-00-00 00:00:00,0000-00-00 00:00:00
372,16,0,0,990,7,2,,,Running Grab,,0,0,5,0,0,0,0,0,0,0,0,0,0,0,0,0,0,0,0,0,0,0,0,0,0,0,0,0,0,0,0,0,,0000-00-00 00:00:00,0000-00-00 00:00:00
373,16,0,0,1816,5,5,,,Jab (Rapid),,0,0,1,0,0,0,0,0,0,0,0,0,0,0,0,0,0,0,0,0,0,0,0,0,0,0,0,0,0,0,0,0,,0000-00-00 00:00:00,0000-00-00 00:00:00
374,16,0,0,981,3,1,,,Up Tilt,,0,0,2,0,0,0,0,0,0,0,0,0,0,0,0,0,0,0,0,0,0,0,0,0,0,0,0,0,0,0,0,0,,0000-00-00 00:00:00,0000-00-00 00:00:00
375,16,0,0,984,2,1,,,Up Smash,,0,0,3,0,0,0,0,0,0,0,0,0,0,0,0,0,0,0,0,0,0,0,0,0,0,0,0,0,0,0,0,0,,0000-00-00 00:00:00,0000-00-00 00:00:00
376,16,0,0,983,2,2,,,Forward Smash,,0,0,3,0,0,0,0,0,0,0,0,0,0,0,0,0,0,0,0,0,0,0,0,0,0,0,0,0,0,0,0,0,,0000-00-00 00:00:00,0000-00-00 00:00:00
377,16,0,0,988,1,1,,,Up Air,,0,0,4,0,0,0,0,0,0,0,0,0,0,0,0,0,0,0,0,0,0,0,0,0,0,0,0,0,0,0,0,0,,0000-00-00 00:00:00,0000-00-00 00:00:00
378,16,0,0,989,6,5,,,Dash Attack,,0,0,5,0,0,0,0,0,0,0,0,0,0,0,0,0,0,0,0,0,0,0,0,0,0,0,0,0,0,0,0,0,,0000-00-00 00:00:00,0000-00-00 00:00:00
379,16,0,0,1815,4,0,,,Neutral B,,0,0,0,0,0,0,0,0,0,0,0,0,0,0,0,0,0,0,0,0,0,0,0,0,0,0,0,0,0,0,0,0,,0000-00-00 00:00:00,0000-00-00 00:00:00
380,16,0,0,982,2,3,,,Down Smash,,0,0,3,0,0,0,0,0,0,0,0,0,0,0,0,0,0,0,0,0,0,0,0,0,0,0,0,0,0,0,0,0,,0000-00-00 00:00:00,0000-00-00 00:00:00
381,16,0,0,1850,4,2,,,Forward B (Weak),,0,0,0,0,0,0,0,0,0,0,0,0,0,0,0,0,0,0,0,0,0,0,0,0,0,0,0,0,0,0,0,0,,0000-00-00 00:00:00,0000-00-00 00:00:00
382,16,0,0,980,3,2,,,Forward Tilt,,0,0,2,0,0,0,0,0,0,0,0,0,0,0,0,0,0,0,0,0,0,0,0,0,0,0,0,0,0,0,0,0,,0000-00-00 00:00:00,0000-00-00 00:00:00
383,16,0,0,979,3,3,,,Down Tilt,,0,0,2,0,0,0,0,0,0,0,0,0,0,0,0,0,0,0,0,0,0,0,0,0,0,0,0,0,0,0,0,0,,0000-00-00 00:00:00,0000-00-00 00:00:00
384,16,0,0,991,7,0,,,Standing Grab,,0,0,5,0,0,0,0,0,0,0,0,0,0,0,0,0,0,0,0,0,0,0,0,0,0,0,0,0,0,0,0,0,,0000-00-00 00:00:00,0000-00-00 00:00:00
385,16,0,0,1814,5,5,,,Jab,,0,0,1,0,0,0,0,0,0,0,0,0,0,0,0,0,0,0,0,0,0,0,0,0,0,0,0,0,0,0,0,0,,0000-00-00 00:00:00,0000-00-00 00:00:00
386,16,0,0,0,4,2,,,Forward B (Strong),,0,0,0,0,0,0,0,0,0,0,0,0,0,0,0,0,0,0,0,0,0,0,0,0,0,0,0,0,0,0,0,0,,0000-00-00 00:00:00,0000-00-00 00:00:00
387,17,0,0,994,5,5,1,,Jab 1,,0,0,1,0,0,0,0,0,0,0,0,0,0,0,0,0,0,0,0,0,0,0,0,0,0,0,0,0,0,0,0,0,,0000-00-00 00:00:00,0000-00-00 00:00:00
388,17,0,0,996,5,5,3,,Jab 3,,0,0,1,0,0,0,0,0,0,0,0,0,0,0,0,0,0,0,0,0,0,0,0,0,0,0,0,0,0,0,0,0,,0000-00-00 00:00:00,0000-00-00 00:00:00
389,17,0,0,995,5,5,2,,Jab 2,,0,0,1,0,0,0,0,0,0,0,0,0,0,0,0,0,0,0,0,0,0,0,0,0,0,0,0,0,0,0,0,0,,0000-00-00 00:00:00,0000-00-00 00:00:00
390,17,0,0,998,3,2,,,Forward Tilt High,,0,0,2,0,0,0,0,0,0,0,0,0,0,0,0,0,0,0,0,0,0,0,0,0,0,0,0,0,0,0,0,0,,0000-00-00 00:00:00,0000-00-00 00:00:00
391,17,0,0,999,3,2,,,Forward Tilt Low,,0,0,2,0,0,0,0,0,0,0,0,0,0,0,0,0,0,0,0,0,0,0,0,0,0,0,0,0,0,0,0,0,,0000-00-00 00:00:00,0000-00-00 00:00:00
392,17,0,0,1000,3,1,,,Up Tilt,,0,0,2,0,0,0,0,0,0,0,0,0,0,0,0,0,0,0,0,0,0,0,0,0,0,0,0,0,0,0,0,0,,0000-00-00 00:00:00,0000-00-00 00:00:00
393,17,0,0,1002,2,2,,,Forward Smash,,0,0,3,0,0,0,0,0,0,0,0,0,0,0,0,0,0,0,0,0,0,0,0,0,0,0,0,0,0,0,0,0,,0000-00-00 00:00:00,0000-00-00 00:00:00
394,17,0,0,1818,1,2,,,Forward B (Air),,0,0,0,0,0,0,0,0,0,0,0,0,0,0,0,0,0,0,0,0,0,0,0,0,0,0,0,0,0,0,0,0,,0000-00-00 00:00:00,0000-00-00 00:00:00
395,17,0,0,1819,4,1,1,,Up B 1,,0,0,0,0,0,0,0,0,0,0,0,0,0,0,0,0,0,0,0,0,0,0,0,0,0,0,0,0,0,0,0,0,,0000-00-00 00:00:00,0000-00-00 00:00:00
396,17,0,0,1009,7,2,,,Running Grab,,0,0,5,0,0,0,0,0,0,0,0,0,0,0,0,0,0,0,0,0,0,0,0,0,0,0,0,0,0,0,0,0,,0000-00-00 00:00:00,0000-00-00 00:00:00
397,17,0,0,992,4,3,,,Down B,,0,0,0,0,0,0,0,0,0,0,0,0,0,0,0,0,0,0,0,0,0,0,0,0,0,0,0,0,0,0,0,0,,0000-00-00 00:00:00,0000-00-00 00:00:00
398,17,0,0,1820,4,1,2,,Up B 2,,0,0,0,0,0,0,0,0,0,0,0,0,0,0,0,0,0,0,0,0,0,0,0,0,0,0,0,0,0,0,0,0,,0000-00-00 00:00:00,0000-00-00 00:00:00
399,17,0,0,1821,4,2,,,Forward B (Ground),,0,0,0,0,0,0,0,0,0,0,0,0,0,0,0,0,0,0,0,0,0,0,0,0,0,0,0,0,0,0,0,0,,0000-00-00 00:00:00,0000-00-00 00:00:00
400,17,0,0,993,4,0,,,Neutral B,,0,0,0,0,0,0,0,0,0,0,0,0,0,0,0,0,0,0,0,0,0,0,0,0,0,0,0,0,0,0,0,0,,0000-00-00 00:00:00,0000-00-00 00:00:00
401,17,0,0,1008,6,5,,,Dash Attack,,0,0,5,0,0,0,0,0,0,0,0,0,0,0,0,0,0,0,0,0,0,0,0,0,0,0,0,0,0,0,0,0,,0000-00-00 00:00:00,0000-00-00 00:00:00
402,17,0,0,1010,7,0,,,Standing Grab,,0,0,5,0,0,0,0,0,0,0,0,0,0,0,0,0,0,0,0,0,0,0,0,0,0,0,0,0,0,0,0,0,,0000-00-00 00:00:00,0000-00-00 00:00:00
403,17,0,0,1007,1,1,,,Up Air,,0,0,4,0,0,0,0,0,0,0,0,0,0,0,0,0,0,0,0,0,0,0,0,0,0,0,0,0,0,0,0,0,,0000-00-00 00:00:00,0000-00-00 00:00:00
404,17,0,0,1005,1,2,,,Forward Air,,0,0,4,0,0,0,0,0,0,0,0,0,0,0,0,0,0,0,0,0,0,0,0,0,0,0,0,0,0,0,0,0,,0000-00-00 00:00:00,0000-00-00 00:00:00
405,17,0,0,1003,1,4,,,Back Air,,0,0,4,0,0,0,0,0,0,0,0,0,0,0,0,0,0,0,0,0,0,0,0,0,0,0,0,0,0,0,0,0,,0000-00-00 00:00:00,0000-00-00 00:00:00
406,17,0,0,1004,1,3,,,Down Air,,0,0,4,0,0,0,0,0,0,0,0,0,0,0,0,0,0,0,0,0,0,0,0,0,0,0,0,0,0,0,0,0,,0000-00-00 00:00:00,0000-00-00 00:00:00
407,17,0,0,1006,1,0,,,Neutral Air,,0,0,4,0,0,0,0,0,0,0,0,0,0,0,0,0,0,0,0,0,0,0,0,0,0,0,0,0,0,0,0,0,,0000-00-00 00:00:00,0000-00-00 00:00:00
408,17,0,0,1001,2,3,,,Down Smash,,0,0,3,0,0,0,0,0,0,0,0,0,0,0,0,0,0,0,0,0,0,0,0,0,0,0,0,0,0,0,0,0,,0000-00-00 00:00:00,0000-00-00 00:00:00
409,17,0,0,997,3,3,,,Down Tilt,,0,0,2,0,0,0,0,0,0,0,0,0,0,0,0,0,0,0,0,0,0,0,0,0,0,0,0,0,0,0,0,0,,0000-00-00 00:00:00,0000-00-00 00:00:00
410,18,0,0,1018,3,2,,,Forward Tilt,,0,0,2,0,0,0,0,0,0,0,0,0,0,0,0,0,0,0,0,0,0,0,0,0,0,0,0,0,0,0,0,0,,0000-00-00 00:00:00,0000-00-00 00:00:00
411,18,0,0,1019,3,1,,,Up Tilt,,0,0,2,0,0,0,0,0,0,0,0,0,0,0,0,0,0,0,0,0,0,0,0,0,0,0,0,0,0,0,0,0,,0000-00-00 00:00:00,0000-00-00 00:00:00
412,18,0,0,1020,2,3,,,Down Smash,,0,0,3,0,0,0,0,0,0,0,0,0,0,0,0,0,0,0,0,0,0,0,0,0,0,0,0,0,0,0,0,0,,0000-00-00 00:00:00,0000-00-00 00:00:00
413,18,0,0,1822,2,2,,,Forward Smash (Golf Club),,0,0,3,0,0,0,0,0,0,0,0,0,0,0,0,0,0,0,0,0,0,0,0,0,0,0,0,0,0,0,0,0,,0000-00-00 00:00:00,0000-00-00 00:00:00
414,18,0,0,1823,2,2,,,Forward Smash (Racket),,0,0,3,0,0,0,0,0,0,0,0,0,0,0,0,0,0,0,0,0,0,0,0,0,0,0,0,0,0,0,0,0,,0000-00-00 00:00:00,0000-00-00 00:00:00
415,18,0,0,1824,2,2,,,Forward Smash (Frying Pan),,0,0,3,0,0,0,0,0,0,0,0,0,0,0,0,0,0,0,0,0,0,0,0,0,0,0,0,0,0,0,0,0,,0000-00-00 00:00:00,0000-00-00 00:00:00
416,18,0,0,1021,2,1,,,Up Smash,,0,0,3,0,0,0,0,0,0,0,0,0,0,0,0,0,0,0,0,0,0,0,0,0,0,0,0,0,0,0,0,0,,0000-00-00 00:00:00,0000-00-00 00:00:00
417,18,0,0,1023,1,3,,,Down Air,,0,0,4,0,0,0,0,0,0,0,0,0,0,0,0,0,0,0,0,0,0,0,0,0,0,0,0,0,0,0,0,0,,0000-00-00 00:00:00,0000-00-00 00:00:00
418,18,0,0,1022,1,4,,,Back Air,,0,0,4,0,0,0,0,0,0,0,0,0,0,0,0,0,0,0,0,0,0,0,0,0,0,0,0,0,0,0,0,0,,0000-00-00 00:00:00,0000-00-00 00:00:00
419,18,0,0,1024,1,2,,,Forward Air,,0,0,4,0,0,0,0,0,0,0,0,0,0,0,0,0,0,0,0,0,0,0,0,0,0,0,0,0,0,0,0,0,,0000-00-00 00:00:00,0000-00-00 00:00:00
420,18,0,0,1028,7,2,,,Running Grab,,0,0,5,0,0,0,0,0,0,0,0,0,0,0,0,0,0,0,0,0,0,0,0,0,0,0,0,0,0,0,0,0,,0000-00-00 00:00:00,0000-00-00 00:00:00
421,18,0,0,1027,6,5,,,Dash Attack,,0,0,5,0,0,0,0,0,0,0,0,0,0,0,0,0,0,0,0,0,0,0,0,0,0,0,0,0,0,0,0,0,,0000-00-00 00:00:00,0000-00-00 00:00:00
422,18,0,0,1033,10,5,,,Throw,,0,0,6,0,0,0,0,0,0,0,0,0,0,0,0,0,0,0,0,0,0,0,0,0,0,0,0,0,0,0,0,0,,0000-00-00 00:00:00,0000-00-00 00:00:00
423,18,0,0,1017,3,3,,,Down Tilt,,0,0,2,0,0,0,0,0,0,0,0,0,0,0,0,0,0,0,0,0,0,0,0,0,0,0,0,0,0,0,0,0,,0000-00-00 00:00:00,0000-00-00 00:00:00
424,18,0,0,1012,4,2,,,Forward B,,0,0,0,0,0,0,0,0,0,0,0,0,0,0,0,0,0,0,0,0,0,0,0,0,0,0,0,0,0,0,0,0,,0000-00-00 00:00:00,0000-00-00 00:00:00
425,18,0,0,1013,4,2,,,Forward B (air),,0,0,0,0,0,0,0,0,0,0,0,0,0,0,0,0,0,0,0,0,0,0,0,0,0,0,0,0,0,0,0,0,,0000-00-00 00:00:00,0000-00-00 00:00:00
426,18,0,0,1014,4,1,,,Up B,,0,0,0,0,0,0,0,0,0,0,0,0,0,0,0,0,0,0,0,0,0,0,0,0,0,0,0,0,0,0,0,0,,0000-00-00 00:00:00,0000-00-00 00:00:00
427,18,0,0,1032,9,2,,,Forward Roll,,0,0,6,0,0,0,0,0,0,0,0,0,0,0,0,0,0,0,0,0,0,0,0,0,0,0,0,0,0,0,0,0,,0000-00-00 00:00:00,0000-00-00 00:00:00
428,18,0,0,1031,8,5,,,Dodge,,0,0,6,0,0,0,0,0,0,0,0,0,0,0,0,0,0,0,0,0,0,0,0,0,0,0,0,0,0,0,0,0,,0000-00-00 00:00:00,0000-00-00 00:00:00
429,18,0,0,1030,1,5,,,Air Dodge,,0,0,6,0,0,0,0,0,0,0,0,0,0,0,0,0,0,0,0,0,0,0,0,0,0,0,0,0,0,0,0,0,,0000-00-00 00:00:00,0000-00-00 00:00:00
430,18,0,0,1016,5,5,2,,Jab 2,,0,0,1,0,0,0,0,0,0,0,0,0,0,0,0,0,0,0,0,0,0,0,0,0,0,0,0,0,0,0,0,0,,0000-00-00 00:00:00,0000-00-00 00:00:00
431,18,0,0,1026,1,1,,,Up Air,,0,0,4,0,0,0,0,0,0,0,0,0,0,0,0,0,0,0,0,0,0,0,0,0,0,0,0,0,0,0,0,0,,0000-00-00 00:00:00,0000-00-00 00:00:00
432,18,0,0,1025,1,0,,,Neutral Air,,0,0,4,0,0,0,0,0,0,0,0,0,0,0,0,0,0,0,0,0,0,0,0,0,0,0,0,0,0,0,0,0,,0000-00-00 00:00:00,0000-00-00 00:00:00
433,18,0,0,1015,5,5,1,,Jab 1,,0,0,1,0,0,0,0,0,0,0,0,0,0,0,0,0,0,0,0,0,0,0,0,0,0,0,0,0,0,0,0,0,,0000-00-00 00:00:00,0000-00-00 00:00:00
434,18,0,0,1011,4,3,,,Down B,,0,0,0,0,0,0,0,0,0,0,0,0,0,0,0,0,0,0,0,0,0,0,0,0,0,0,0,0,0,0,0,0,,0000-00-00 00:00:00,0000-00-00 00:00:00
435,18,0,0,1029,7,0,,,Standing Grab,,0,0,5,0,0,0,0,0,0,0,0,0,0,0,0,0,0,0,0,0,0,0,0,0,0,0,0,0,0,0,0,0,,0000-00-00 00:00:00,0000-00-00 00:00:00
436,19,0,0,1040,3,1,,,Up Tilt,,0,0,2,0,0,0,0,0,0,0,0,0,0,0,0,0,0,0,0,0,0,0,0,0,0,0,0,0,0,0,0,0,,0000-00-00 00:00:00,0000-00-00 00:00:00
437,19,0,0,1053,8,5,,,Dodge,,0,0,6,0,0,0,0,0,0,0,0,0,0,0,0,0,0,0,0,0,0,0,0,0,0,0,0,0,0,0,0,0,,0000-00-00 00:00:00,0000-00-00 00:00:00
438,19,0,0,1035,4,0,,,Neutral B (air),,0,0,0,0,0,0,0,0,0,0,0,0,0,0,0,0,0,0,0,0,0,0,0,0,0,0,0,0,0,0,0,0,,0000-00-00 00:00:00,0000-00-00 00:00:00
439,19,0,0,1037,3,3,,,Down Tilt,,0,0,2,0,0,0,0,0,0,0,0,0,0,0,0,0,0,0,0,0,0,0,0,0,0,0,0,0,0,0,0,0,,0000-00-00 00:00:00,0000-00-00 00:00:00
440,19,0,0,1036,5,5,1,,Jab 1,,0,0,1,0,0,0,0,0,0,0,0,0,0,0,0,0,0,0,0,0,0,0,0,0,0,0,0,0,0,0,0,0,,0000-00-00 00:00:00,0000-00-00 00:00:00
441,19,0,0,1039,3,2,,,Forward Tilt Low,,0,0,2,0,0,0,0,0,0,0,0,0,0,0,0,0,0,0,0,0,0,0,0,0,0,0,0,0,0,0,0,0,,0000-00-00 00:00:00,0000-00-00 00:00:00
442,19,0,0,1045,1,3,,,Down Air,,0,0,4,0,0,0,0,0,0,0,0,0,0,0,0,0,0,0,0,0,0,0,0,0,0,0,0,0,0,0,0,0,,0000-00-00 00:00:00,0000-00-00 00:00:00
443,19,0,0,1038,3,2,,,Forward Tilt High,,0,0,2,0,0,0,0,0,0,0,0,0,0,0,0,0,0,0,0,0,0,0,0,0,0,0,0,0,0,0,0,0,,0000-00-00 00:00:00,0000-00-00 00:00:00
444,19,0,0,1043,2,1,,,Up Smash,,0,0,3,0,0,0,0,0,0,0,0,0,0,0,0,0,0,0,0,0,0,0,0,0,0,0,0,0,0,0,0,0,,0000-00-00 00:00:00,0000-00-00 00:00:00
445,19,0,0,1041,2,3,,,Down Smash,,0,0,3,0,0,0,0,0,0,0,0,0,0,0,0,0,0,0,0,0,0,0,0,0,0,0,0,0,0,0,0,0,,0000-00-00 00:00:00,0000-00-00 00:00:00
446,19,0,0,1044,1,4,,,Back Air,,0,0,4,0,0,0,0,0,0,0,0,0,0,0,0,0,0,0,0,0,0,0,0,0,0,0,0,0,0,0,0,0,,0000-00-00 00:00:00,0000-00-00 00:00:00
447,19,0,0,1034,4,2,,,Forward B,,0,0,0,0,0,0,0,0,0,0,0,0,0,0,0,0,0,0,0,0,0,0,0,0,0,0,0,0,0,0,0,0,,0000-00-00 00:00:00,0000-00-00 00:00:00
448,19,0,0,1050,7,2,,,Running Grab,,0,0,5,0,0,0,0,0,0,0,0,0,0,0,0,0,0,0,0,0,0,0,0,0,0,0,0,0,0,0,0,0,,0000-00-00 00:00:00,0000-00-00 00:00:00
449,19,0,0,1046,1,2,,,Forward Air,,0,0,4,0,0,0,0,0,0,0,0,0,0,0,0,0,0,0,0,0,0,0,0,0,0,0,0,0,0,0,0,0,,0000-00-00 00:00:00,0000-00-00 00:00:00
450,19,0,0,1048,1,1,,,Up Air,,0,0,4,0,0,0,0,0,0,0,0,0,0,0,0,0,0,0,0,0,0,0,0,0,0,0,0,0,0,0,0,0,,0000-00-00 00:00:00,0000-00-00 00:00:00
451,19,0,0,1054,9,2,,,Forward Roll,,0,0,6,0,0,0,0,0,0,0,0,0,0,0,0,0,0,0,0,0,0,0,0,0,0,0,0,0,0,0,0,0,,0000-00-00 00:00:00,0000-00-00 00:00:00
452,19,0,0,1049,6,5,,,Dash Attack,,0,0,5,0,0,0,0,0,0,0,0,0,0,0,0,0,0,0,0,0,0,0,0,0,0,0,0,0,0,0,0,0,,0000-00-00 00:00:00,0000-00-00 00:00:00
453,19,0,0,1042,2,2,,,Forward Smash,,0,0,3,0,0,0,0,0,0,0,0,0,0,0,0,0,0,0,0,0,0,0,0,0,0,0,0,0,0,0,0,0,,0000-00-00 00:00:00,0000-00-00 00:00:00
454,19,0,0,1051,7,0,,,Standing Grab,,0,0,5,0,0,0,0,0,0,0,0,0,0,0,0,0,0,0,0,0,0,0,0,0,0,0,0,0,0,0,0,0,,0000-00-00 00:00:00,0000-00-00 00:00:00
455,19,0,0,1052,1,5,,,Air Dodge,,0,0,6,0,0,0,0,0,0,0,0,0,0,0,0,0,0,0,0,0,0,0,0,0,0,0,0,0,0,0,0,0,,0000-00-00 00:00:00,0000-00-00 00:00:00
456,19,0,0,1047,4,2,,,Forward B (air),,0,0,4,0,0,0,0,0,0,0,0,0,0,0,0,0,0,0,0,0,0,0,0,0,0,0,0,0,0,0,0,0,,0000-00-00 00:00:00,0000-00-00 00:00:00
457,20,0,0,1055,4,3,,,Down B,,0,0,0,0,0,0,0,0,0,0,0,0,0,0,0,0,0,0,0,0,0,0,0,0,0,0,0,0,0,0,0,0,,0000-00-00 00:00:00,0000-00-00 00:00:00
458,20,0,0,1059,5,5,1,,Jab 1,,0,0,1,0,0,0,0,0,0,0,0,0,0,0,0,0,0,0,0,0,0,0,0,0,0,0,0,0,0,0,0,0,,0000-00-00 00:00:00,0000-00-00 00:00:00
459,20,0,0,1061,3,2,,,Forward Tilt High,,0,0,2,0,0,0,0,0,0,0,0,0,0,0,0,0,0,0,0,0,0,0,0,0,0,0,0,0,0,0,0,0,,0000-00-00 00:00:00,0000-00-00 00:00:00
460,20,0,0,1062,3,2,,,Forward Tilt Low,,0,0,2,0,0,0,0,0,0,0,0,0,0,0,0,0,0,0,0,0,0,0,0,0,0,0,0,0,0,0,0,0,,0000-00-00 00:00:00,0000-00-00 00:00:00
461,20,0,0,1063,3,1,,,Up Tilt,,0,0,2,0,0,0,0,0,0,0,0,0,0,0,0,0,0,0,0,0,0,0,0,0,0,0,0,0,0,0,0,0,,0000-00-00 00:00:00,0000-00-00 00:00:00
462,20,0,0,1060,3,3,,,Down Tilt,,0,0,2,0,0,0,0,0,0,0,0,0,0,0,0,0,0,0,0,0,0,0,0,0,0,0,0,0,0,0,0,0,,0000-00-00 00:00:00,0000-00-00 00:00:00
463,20,0,0,1064,2,3,,,Down Smash,,0,0,3,0,0,0,0,0,0,0,0,0,0,0,0,0,0,0,0,0,0,0,0,0,0,0,0,0,0,0,0,0,,0000-00-00 00:00:00,0000-00-00 00:00:00
464,20,0,0,1065,2,2,,,Forward Smash,,0,0,3,0,0,0,0,0,0,0,0,0,0,0,0,0,0,0,0,0,0,0,0,0,0,0,0,0,0,0,0,0,,0000-00-00 00:00:00,0000-00-00 00:00:00
465,20,0,0,1071,1,1,,,Up Air,,0,0,4,0,0,0,0,0,0,0,0,0,0,0,0,0,0,0,0,0,0,0,0,0,0,0,0,0,0,0,0,0,,0000-00-00 00:00:00,0000-00-00 00:00:00
466,20,0,0,1074,7,0,,,Standing Grab,,0,0,5,0,0,0,0,0,0,0,0,0,0,0,0,0,0,0,0,0,0,0,0,0,0,0,0,0,0,0,0,0,,0000-00-00 00:00:00,0000-00-00 00:00:00
467,20,0,0,1057,4,0,,,Neutral B (air),,0,0,0,0,0,0,0,0,0,0,0,0,0,0,0,0,0,0,0,0,0,0,0,0,0,0,0,0,0,0,0,0,,0000-00-00 00:00:00,0000-00-00 00:00:00
468,20,0,0,1078,9,2,,,Forward Roll,,0,0,6,0,0,0,0,0,0,0,0,0,0,0,0,0,0,0,0,0,0,0,0,0,0,0,0,0,0,0,0,0,,0000-00-00 00:00:00,0000-00-00 00:00:00
469,20,0,0,1072,6,5,,,Dash Attack,,0,0,5,0,0,0,0,0,0,0,0,0,0,0,0,0,0,0,0,0,0,0,0,0,0,0,0,0,0,0,0,0,,0000-00-00 00:00:00,0000-00-00 00:00:00
470,20,0,0,1066,2,1,,,Up Smash,,0,0,3,0,0,0,0,0,0,0,0,0,0,0,0,0,0,0,0,0,0,0,0,0,0,0,0,0,0,0,0,0,,0000-00-00 00:00:00,0000-00-00 00:00:00
471,20,0,0,1070,1,0,,,Neutral Air,,0,0,4,0,0,0,0,0,0,0,0,0,0,0,0,0,0,0,0,0,0,0,0,0,0,0,0,0,0,0,0,0,,0000-00-00 00:00:00,0000-00-00 00:00:00
472,20,0,0,1075,1,5,,,Air Dodge,,0,0,6,0,0,0,0,0,0,0,0,0,0,0,0,0,0,0,0,0,0,0,0,0,0,0,0,0,0,0,0,0,,0000-00-00 00:00:00,0000-00-00 00:00:00
473,20,0,0,1073,7,2,,,Running Grab,,0,0,5,0,0,0,0,0,0,0,0,0,0,0,0,0,0,0,0,0,0,0,0,0,0,0,0,0,0,0,0,0,,0000-00-00 00:00:00,0000-00-00 00:00:00
474,20,0,0,1077,8,5,,,Dodge,,0,0,6,0,0,0,0,0,0,0,0,0,0,0,0,0,0,0,0,0,0,0,0,0,0,0,0,0,0,0,0,0,,0000-00-00 00:00:00,0000-00-00 00:00:00
475,20,0,0,1058,4,1,,,Up B,,0,0,0,0,0,0,0,0,0,0,0,0,0,0,0,0,0,0,0,0,0,0,0,0,0,0,0,0,0,0,0,0,,0000-00-00 00:00:00,0000-00-00 00:00:00
476,20,0,0,1056,4,2,,,Forward B,,0,0,0,0,0,0,0,0,0,0,0,0,0,0,0,0,0,0,0,0,0,0,0,0,0,0,0,0,0,0,0,0,,0000-00-00 00:00:00,0000-00-00 00:00:00
477,20,0,0,1076,4,4,,,Backwards Roll,,0,0,6,0,0,0,0,0,0,0,0,0,0,0,0,0,0,0,0,0,0,0,0,0,0,0,0,0,0,0,0,0,,0000-00-00 00:00:00,0000-00-00 00:00:00
478,20,0,0,1067,1,4,,,Back Air,,0,0,4,0,0,0,0,0,0,0,0,0,0,0,0,0,0,0,0,0,0,0,0,0,0,0,0,0,0,0,0,0,,0000-00-00 00:00:00,0000-00-00 00:00:00
479,20,0,0,1068,1,3,,,Down Air,,0,0,4,0,0,0,0,0,0,0,0,0,0,0,0,0,0,0,0,0,0,0,0,0,0,0,0,0,0,0,0,0,,0000-00-00 00:00:00,0000-00-00 00:00:00
480,20,0,0,1069,1,2,,,Forward Air,,0,0,4,0,0,0,0,0,0,0,0,0,0,0,0,0,0,0,0,0,0,0,0,0,0,0,0,0,0,0,0,0,,0000-00-00 00:00:00,0000-00-00 00:00:00
481,21,0,0,1079,4,3,,,Down B,,0,0,0,0,0,0,0,0,0,0,0,0,0,0,0,0,0,0,0,0,0,0,0,0,0,0,0,0,0,0,0,0,,0000-00-00 00:00:00,0000-00-00 00:00:00
482,21,0,0,1087,4,0,,,Neutral B,,0,0,0,0,0,0,0,0,0,0,0,0,0,0,0,0,0,0,0,0,0,0,0,0,0,0,0,0,0,0,0,0,,0000-00-00 00:00:00,0000-00-00 00:00:00
483,21,0,0,1089,4,1,,,Up B,,0,0,0,0,0,0,0,0,0,0,0,0,0,0,0,0,0,0,0,0,0,0,0,0,0,0,0,0,0,0,0,0,,0000-00-00 00:00:00,0000-00-00 00:00:00
484,21,0,0,1090,5,5,1,,Jab 1,,0,0,1,0,0,0,0,0,0,0,0,0,0,0,0,0,0,0,0,0,0,0,0,0,0,0,0,0,0,0,0,0,,0000-00-00 00:00:00,0000-00-00 00:00:00
485,21,0,0,1093,1,0,,,Neutral Air,,0,0,2,0,0,0,0,0,0,0,0,0,0,0,0,0,0,0,0,0,0,0,0,0,0,0,0,0,0,0,0,0,,0000-00-00 00:00:00,0000-00-00 00:00:00
486,21,0,0,1091,3,3,,,Down Tilt,,0,0,2,0,0,0,0,0,0,0,0,0,0,0,0,0,0,0,0,0,0,0,0,0,0,0,0,0,0,0,0,0,,0000-00-00 00:00:00,0000-00-00 00:00:00
487,21,0,0,1094,3,1,,,Up Tilt,,0,0,2,0,0,0,0,0,0,0,0,0,0,0,0,0,0,0,0,0,0,0,0,0,0,0,0,0,0,0,0,0,,0000-00-00 00:00:00,0000-00-00 00:00:00
488,21,0,0,1092,3,2,,,Forward Tilt,,0,0,2,0,0,0,0,0,0,0,0,0,0,0,0,0,0,0,0,0,0,0,0,0,0,0,0,0,0,0,0,0,,0000-00-00 00:00:00,0000-00-00 00:00:00
489,21,0,0,1097,2,1,,,Up Smash,,0,0,3,0,0,0,0,0,0,0,0,0,0,0,0,0,0,0,0,0,0,0,0,0,0,0,0,0,0,0,0,0,,0000-00-00 00:00:00,0000-00-00 00:00:00
490,21,0,0,1095,2,3,,,Down Smash,,0,0,3,0,0,0,0,0,0,0,0,0,0,0,0,0,0,0,0,0,0,0,0,0,0,0,0,0,0,0,0,0,,0000-00-00 00:00:00,0000-00-00 00:00:00
491,21,0,0,1096,2,2,,,Forward Smash,,0,0,3,0,0,0,0,0,0,0,0,0,0,0,0,0,0,0,0,0,0,0,0,0,0,0,0,0,0,0,0,0,,0000-00-00 00:00:00,0000-00-00 00:00:00
492,21,0,0,1100,1,2,,,Forward Air,,0,0,4,0,0,0,0,0,0,0,0,0,0,0,0,0,0,0,0,0,0,0,0,0,0,0,0,0,0,0,0,0,,0000-00-00 00:00:00,0000-00-00 00:00:00
493,21,0,0,1099,1,3,,,Down Air,,0,0,4,0,0,0,0,0,0,0,0,0,0,0,0,0,0,0,0,0,0,0,0,0,0,0,0,0,0,0,0,0,,0000-00-00 00:00:00,0000-00-00 00:00:00
494,21,0,0,1098,1,4,,,Back Air,,0,0,4,0,0,0,0,0,0,0,0,0,0,0,0,0,0,0,0,0,0,0,0,0,0,0,0,0,0,0,0,0,,0000-00-00 00:00:00,0000-00-00 00:00:00
495,21,0,0,1101,1,1,,,Up Air,,0,0,4,0,0,0,0,0,0,0,0,0,0,0,0,0,0,0,0,0,0,0,0,0,0,0,0,0,0,0,0,0,,0000-00-00 00:00:00,0000-00-00 00:00:00
496,21,0,0,1102,6,5,,,Dash Attack,,0,0,5,0,0,0,0,0,0,0,0,0,0,0,0,0,0,0,0,0,0,0,0,0,0,0,0,0,0,0,0,0,,0000-00-00 00:00:00,0000-00-00 00:00:00
497,21,0,0,1107,8,5,,,Dodge,,0,0,6,0,0,0,0,0,0,0,0,0,0,0,0,0,0,0,0,0,0,0,0,0,0,0,0,0,0,0,0,0,,0000-00-00 00:00:00,0000-00-00 00:00:00
498,21,0,0,1085,4,0,4,,Forward B 4 Neutral,,0,0,0,0,0,0,0,0,0,0,0,0,0,0,0,0,0,0,0,0,0,0,0,0,0,0,0,0,0,0,0,0,,0000-00-00 00:00:00,0000-00-00 00:00:00
499,21,0,0,1086,4,1,4,,Forward B 4 Up,,0,0,0,0,0,0,0,0,0,0,0,0,0,0,0,0,0,0,0,0,0,0,0,0,0,0,0,0,0,0,0,0,,0000-00-00 00:00:00,0000-00-00 00:00:00
500,21,0,0,1825,4,2,2,,Forward B 2 (High),,0,0,0,0,0,0,0,0,0,0,0,0,0,0,0,0,0,0,0,0,0,0,0,0,0,0,0,0,0,0,0,0,,0000-00-00 00:00:00,0000-00-00 00:00:00
501,21,0,0,1105,1,5,,,Air Dodge,,0,0,6,0,0,0,0,0,0,0,0,0,0,0,0,0,0,0,0,0,0,0,0,0,0,0,0,0,0,0,0,0,,0000-00-00 00:00:00,0000-00-00 00:00:00
502,21,0,0,1083,4,1,3,,Forward B 3 Up,,0,0,0,0,0,0,0,0,0,0,0,0,0,0,0,0,0,0,0,0,0,0,0,0,0,0,0,0,0,0,0,0,,0000-00-00 00:00:00,0000-00-00 00:00:00
503,21,0,0,1826,4,2,2,,Forward B 2 (Low),,0,0,0,0,0,0,0,0,0,0,0,0,0,0,0,0,0,0,0,0,0,0,0,0,0,0,0,0,0,0,0,0,,0000-00-00 00:00:00,0000-00-00 00:00:00
504,21,0,0,1082,4,0,3,,Forward B 3 Neutral,,0,0,0,0,0,0,0,0,0,0,0,0,0,0,0,0,0,0,0,0,0,0,0,0,0,0,0,0,0,0,0,0,,0000-00-00 00:00:00,0000-00-00 00:00:00
505,21,0,0,1088,4,0,,,Neutral B (air),,0,0,0,0,0,0,0,0,0,0,0,0,0,0,0,0,0,0,0,0,0,0,0,0,0,0,0,0,0,0,0,0,,0000-00-00 00:00:00,0000-00-00 00:00:00
506,21,0,0,1081,4,2,3,,Forward B 3 Down,,0,0,0,0,0,0,0,0,0,0,0,0,0,0,0,0,0,0,0,0,0,0,0,0,0,0,0,0,0,0,0,0,,0000-00-00 00:00:00,0000-00-00 00:00:00
507,21,0,0,1084,4,2,4,,Forward B 4 Down,,0,0,0,0,0,0,0,0,0,0,0,0,0,0,0,0,0,0,0,0,0,0,0,0,0,0,0,0,0,0,0,0,,0000-00-00 00:00:00,0000-00-00 00:00:00
508,21,0,0,1080,4,2,1,,Forward B 1,,0,0,0,0,0,0,0,0,0,0,0,0,0,0,0,0,0,0,0,0,0,0,0,0,0,0,0,0,0,0,0,0,,0000-00-00 00:00:00,0000-00-00 00:00:00
509,21,0,0,1104,7,0,,,Standing Grab,,0,0,5,0,0,0,0,0,0,0,0,0,0,0,0,0,0,0,0,0,0,0,0,0,0,0,0,0,0,0,0,0,,0000-00-00 00:00:00,0000-00-00 00:00:00
510,21,0,0,1106,4,4,,,Backwards Roll,,0,0,6,0,0,0,0,0,0,0,0,0,0,0,0,0,0,0,0,0,0,0,0,0,0,0,0,0,0,0,0,0,,0000-00-00 00:00:00,0000-00-00 00:00:00
511,21,0,0,1108,4,1,4,,Forward B 4 Up,,0,0,6,0,0,0,0,0,0,0,0,0,0,0,0,0,0,0,0,0,0,0,0,0,0,0,0,0,0,0,0,0,,0000-00-00 00:00:00,0000-00-00 00:00:00
512,21,0,0,1103,7,2,,,Running Grab,,0,0,5,0,0,0,0,0,0,0,0,0,0,0,0,0,0,0,0,0,0,0,0,0,0,0,0,0,0,0,0,0,,0000-00-00 00:00:00,0000-00-00 00:00:00
513,22,0,0,1832,1,1,,,Up B (Air),,0,0,0,0,0,0,0,0,0,0,0,0,0,0,0,0,0,0,0,0,0,0,0,0,0,0,0,0,0,0,0,0,,0000-00-00 00:00:00,0000-00-00 00:00:00
514,22,0,0,1112,5,5,1,,Jab 1,,0,0,1,0,0,0,0,0,0,0,0,0,0,0,0,0,0,0,0,0,0,0,0,0,0,0,0,0,0,0,0,0,,0000-00-00 00:00:00,0000-00-00 00:00:00
515,22,0,0,1121,1,4,,,Back Air,,0,0,4,0,0,0,0,0,0,0,0,0,0,0,0,0,0,0,0,0,0,0,0,0,0,0,0,0,0,0,0,0,,0000-00-00 00:00:00,0000-00-00 00:00:00
516,22,0,0,1122,1,3,,,Down Air,,0,0,4,0,0,0,0,0,0,0,0,0,0,0,0,0,0,0,0,0,0,0,0,0,0,0,0,0,0,0,0,0,,0000-00-00 00:00:00,0000-00-00 00:00:00
517,22,0,0,1115,3,2,,,Forward Tilt High,,0,0,2,0,0,0,0,0,0,0,0,0,0,0,0,0,0,0,0,0,0,0,0,0,0,0,0,0,0,0,0,0,,0000-00-00 00:00:00,0000-00-00 00:00:00
518,22,0,0,1828,1,2,,,Forward B (Air) (Strong),,0,0,0,0,0,0,0,0,0,0,0,0,0,0,0,0,0,0,0,0,0,0,0,0,0,0,0,0,0,0,0,0,,0000-00-00 00:00:00,0000-00-00 00:00:00
519,22,0,0,1118,2,3,,,Down Smash,,0,0,3,0,0,0,0,0,0,0,0,0,0,0,0,0,0,0,0,0,0,0,0,0,0,0,0,0,0,0,0,0,,0000-00-00 00:00:00,0000-00-00 00:00:00
520,22,0,0,1120,2,1,,,Up Smash,,0,0,3,0,0,0,0,0,0,0,0,0,0,0,0,0,0,0,0,0,0,0,0,0,0,0,0,0,0,0,0,0,,0000-00-00 00:00:00,0000-00-00 00:00:00
521,22,0,0,1113,5,5,2,,Jab 2,,0,0,1,0,0,0,0,0,0,0,0,0,0,0,0,0,0,0,0,0,0,0,0,0,0,0,0,0,0,0,0,0,,0000-00-00 00:00:00,0000-00-00 00:00:00
522,22,0,0,1109,4,3,,,Down B,,0,0,0,0,0,0,0,0,0,0,0,0,0,0,0,0,0,0,0,0,0,0,0,0,0,0,0,0,0,0,0,0,,0000-00-00 00:00:00,0000-00-00 00:00:00
523,22,0,0,1831,4,2,,,Forward B (Ground) (Weak),,0,0,0,0,0,0,0,0,0,0,0,0,0,0,0,0,0,0,0,0,0,0,0,0,0,0,0,0,0,0,0,0,,0000-00-00 00:00:00,0000-00-00 00:00:00
524,22,0,0,1111,4,0,,,Neutral B (charged),,0,0,0,0,0,0,0,0,0,0,0,0,0,0,0,0,0,0,0,0,0,0,0,0,0,0,0,0,0,0,0,0,,0000-00-00 00:00:00,0000-00-00 00:00:00
525,22,0,0,1830,1,2,,,Forward B (Air) (Weak),,0,0,0,0,0,0,0,0,0,0,0,0,0,0,0,0,0,0,0,0,0,0,0,0,0,0,0,0,0,0,0,0,,0000-00-00 00:00:00,0000-00-00 00:00:00
526,22,0,0,1829,4,2,,,Forward B (Ground) (Strong),,0,0,0,0,0,0,0,0,0,0,0,0,0,0,0,0,0,0,0,0,0,0,0,0,0,0,0,0,0,0,0,0,,0000-00-00 00:00:00,0000-00-00 00:00:00
527,22,0,0,1110,4,0,,,Neutral B,,0,0,0,0,0,0,0,0,0,0,0,0,0,0,0,0,0,0,0,0,0,0,0,0,0,0,0,0,0,0,0,0,,0000-00-00 00:00:00,0000-00-00 00:00:00
528,22,0,0,1827,4,1,,,Up B (Ground),,0,0,0,0,0,0,0,0,0,0,0,0,0,0,0,0,0,0,0,0,0,0,0,0,0,0,0,0,0,0,0,0,,0000-00-00 00:00:00,0000-00-00 00:00:00
529,22,0,0,1129,1,5,,,Air Dodge,,0,0,6,0,0,0,0,0,0,0,0,0,0,0,0,0,0,0,0,0,0,0,0,0,0,0,0,0,0,0,0,0,,0000-00-00 00:00:00,0000-00-00 00:00:00
530,22,0,0,1130,4,4,,,Backwards Roll,,0,0,6,0,0,0,0,0,0,0,0,0,0,0,0,0,0,0,0,0,0,0,0,0,0,0,0,0,0,0,0,0,,0000-00-00 00:00:00,0000-00-00 00:00:00
531,22,0,0,1126,6,5,,,Dash Attack,,0,0,5,0,0,0,0,0,0,0,0,0,0,0,0,0,0,0,0,0,0,0,0,0,0,0,0,0,0,0,0,0,,0000-00-00 00:00:00,0000-00-00 00:00:00
532,22,0,0,1131,8,5,,,Dodge,,0,0,6,0,0,0,0,0,0,0,0,0,0,0,0,0,0,0,0,0,0,0,0,0,0,0,0,0,0,0,0,0,,0000-00-00 00:00:00,0000-00-00 00:00:00
533,22,0,0,1114,3,3,,,Down Tilt,,0,0,2,0,0,0,0,0,0,0,0,0,0,0,0,0,0,0,0,0,0,0,0,0,0,0,0,0,0,0,0,0,,0000-00-00 00:00:00,0000-00-00 00:00:00
534,22,0,0,1127,7,2,,,Running Grab,,0,0,5,0,0,0,0,0,0,0,0,0,0,0,0,0,0,0,0,0,0,0,0,0,0,0,0,0,0,0,0,0,,0000-00-00 00:00:00,0000-00-00 00:00:00
535,22,0,0,1128,7,0,,,Standing Grab,,0,0,5,0,0,0,0,0,0,0,0,0,0,0,0,0,0,0,0,0,0,0,0,0,0,0,0,0,0,0,0,0,,0000-00-00 00:00:00,0000-00-00 00:00:00
536,22,0,0,1123,1,2,,,Forward Air,,0,0,4,0,0,0,0,0,0,0,0,0,0,0,0,0,0,0,0,0,0,0,0,0,0,0,0,0,0,0,0,0,,0000-00-00 00:00:00,0000-00-00 00:00:00
537,22,0,0,1119,2,2,,,Forward Smash,,0,0,3,0,0,0,0,0,0,0,0,0,0,0,0,0,0,0,0,0,0,0,0,0,0,0,0,0,0,0,0,0,,0000-00-00 00:00:00,0000-00-00 00:00:00
538,22,0,0,1116,3,2,,,Forward Tilt Low,,0,0,2,0,0,0,0,0,0,0,0,0,0,0,0,0,0,0,0,0,0,0,0,0,0,0,0,0,0,0,0,0,,0000-00-00 00:00:00,0000-00-00 00:00:00
539,22,0,0,1124,1,0,,,Neutral Air,,0,0,4,0,0,0,0,0,0,0,0,0,0,0,0,0,0,0,0,0,0,0,0,0,0,0,0,0,0,0,0,0,,0000-00-00 00:00:00,0000-00-00 00:00:00
540,22,0,0,1132,9,2,,,Forward Roll,,0,0,6,0,0,0,0,0,0,0,0,0,0,0,0,0,0,0,0,0,0,0,0,0,0,0,0,0,0,0,0,0,,0000-00-00 00:00:00,0000-00-00 00:00:00
541,22,0,0,1117,3,1,,,Up Tilt,,0,0,2,0,0,0,0,0,0,0,0,0,0,0,0,0,0,0,0,0,0,0,0,0,0,0,0,0,0,0,0,0,,0000-00-00 00:00:00,0000-00-00 00:00:00
542,22,0,0,1125,1,1,,,Up Air,,0,0,4,0,0,0,0,0,0,0,0,0,0,0,0,0,0,0,0,0,0,0,0,0,0,0,0,0,0,0,0,0,,0000-00-00 00:00:00,0000-00-00 00:00:00
543,23,0,0,1136,4,1,,,Up B,,0,0,0,0,0,0,0,0,0,0,0,0,0,0,0,0,0,0,0,0,0,0,0,0,0,0,0,0,0,0,0,0,,0000-00-00 00:00:00,0000-00-00 00:00:00
544,23,0,0,1137,5,5,1,,Jab 1,,0,0,1,0,0,0,0,0,0,0,0,0,0,0,0,0,0,0,0,0,0,0,0,0,0,0,0,0,0,0,0,0,,0000-00-00 00:00:00,0000-00-00 00:00:00
545,23,0,0,1139,5,5,3,,Jab 3,,0,0,1,0,0,0,0,0,0,0,0,0,0,0,0,0,0,0,0,0,0,0,0,0,0,0,0,0,0,0,0,0,,0000-00-00 00:00:00,0000-00-00 00:00:00
546,23,0,0,1138,5,5,2,,Jab 2,,0,0,1,0,0,0,0,0,0,0,0,0,0,0,0,0,0,0,0,0,0,0,0,0,0,0,0,0,0,0,0,0,,0000-00-00 00:00:00,0000-00-00 00:00:00
547,23,0,0,1140,3,3,,,Down Tilt,,0,0,2,0,0,0,0,0,0,0,0,0,0,0,0,0,0,0,0,0,0,0,0,0,0,0,0,0,0,0,0,0,,0000-00-00 00:00:00,0000-00-00 00:00:00
548,23,0,0,1141,3,2,,,Forward Tilt,,0,0,2,0,0,0,0,0,0,0,0,0,0,0,0,0,0,0,0,0,0,0,0,0,0,0,0,0,0,0,0,0,,0000-00-00 00:00:00,0000-00-00 00:00:00
549,23,0,0,1147,1,0,,,Neutral Air,,0,0,4,0,0,0,0,0,0,0,0,0,0,0,0,0,0,0,0,0,0,0,0,0,0,0,0,0,0,0,0,0,,0000-00-00 00:00:00,0000-00-00 00:00:00
550,23,0,0,1146,1,2,,,Forward Air,,0,0,4,0,0,0,0,0,0,0,0,0,0,0,0,0,0,0,0,0,0,0,0,0,0,0,0,0,0,0,0,0,,0000-00-00 00:00:00,0000-00-00 00:00:00
551,23,0,0,1148,6,5,,,Dash Attack,,0,0,5,0,0,0,0,0,0,0,0,0,0,0,0,0,0,0,0,0,0,0,0,0,0,0,0,0,0,0,0,0,,0000-00-00 00:00:00,0000-00-00 00:00:00
552,23,0,0,1150,7,0,,,Standing Grab,,0,0,5,0,0,0,0,0,0,0,0,0,0,0,0,0,0,0,0,0,0,0,0,0,0,0,0,0,0,0,0,0,,0000-00-00 00:00:00,0000-00-00 00:00:00
553,23,0,0,1142,1,1,,,Up Air,,0,0,2,0,0,0,0,0,0,0,0,0,0,0,0,0,0,0,0,0,0,0,0,0,0,0,0,0,0,0,0,0,,0000-00-00 00:00:00,0000-00-00 00:00:00
554,23,0,0,1152,4,4,,,Backwards Roll,,0,0,6,0,0,0,0,0,0,0,0,0,0,0,0,0,0,0,0,0,0,0,0,0,0,0,0,0,0,0,0,0,,0000-00-00 00:00:00,0000-00-00 00:00:00
555,23,0,0,1149,7,2,,,Running Grab,,0,0,5,0,0,0,0,0,0,0,0,0,0,0,0,0,0,0,0,0,0,0,0,0,0,0,0,0,0,0,0,0,,0000-00-00 00:00:00,0000-00-00 00:00:00
556,23,0,0,1153,8,5,,,Dodge,,0,0,6,0,0,0,0,0,0,0,0,0,0,0,0,0,0,0,0,0,0,0,0,0,0,0,0,0,0,0,0,0,,0000-00-00 00:00:00,0000-00-00 00:00:00
557,23,0,0,1154,9,2,,,Forward Roll,,0,0,6,0,0,0,0,0,0,0,0,0,0,0,0,0,0,0,0,0,0,0,0,0,0,0,0,0,0,0,0,0,,0000-00-00 00:00:00,0000-00-00 00:00:00
558,23,0,0,1143,2,2,,,Forward Smash,,0,0,3,0,0,0,0,0,0,0,0,0,0,0,0,0,0,0,0,0,0,0,0,0,0,0,0,0,0,0,0,0,,0000-00-00 00:00:00,0000-00-00 00:00:00
559,23,0,0,1134,4,2,,,Forward B,,0,0,0,0,0,0,0,0,0,0,0,0,0,0,0,0,0,0,0,0,0,0,0,0,0,0,0,0,0,0,0,0,,0000-00-00 00:00:00,0000-00-00 00:00:00
560,23,0,0,1144,1,4,,,Back Air,,0,0,4,0,0,0,0,0,0,0,0,0,0,0,0,0,0,0,0,0,0,0,0,0,0,0,0,0,0,0,0,0,,0000-00-00 00:00:00,0000-00-00 00:00:00
561,23,0,0,1145,1,3,,,Down Air,,0,0,4,0,0,0,0,0,0,0,0,0,0,0,0,0,0,0,0,0,0,0,0,0,0,0,0,0,0,0,0,0,,0000-00-00 00:00:00,0000-00-00 00:00:00
562,23,0,0,1135,4,0,,,Neutral B (charged),,0,0,0,0,0,0,0,0,0,0,0,0,0,0,0,0,0,0,0,0,0,0,0,0,0,0,0,0,0,0,0,0,,0000-00-00 00:00:00,0000-00-00 00:00:00
563,23,0,0,1151,1,5,,,Air Dodge,,0,0,6,0,0,0,0,0,0,0,0,0,0,0,0,0,0,0,0,0,0,0,0,0,0,0,0,0,0,0,0,0,,0000-00-00 00:00:00,0000-00-00 00:00:00
564,23,0,0,1133,4,3,,,Down B,,0,0,0,0,0,0,0,0,0,0,0,0,0,0,0,0,0,0,0,0,0,0,0,0,0,0,0,0,0,0,0,0,,0000-00-00 00:00:00,0000-00-00 00:00:00
565,23,0,0,1156,2,3,,,Down Smash,,0,0,3,0,0,0,0,0,0,0,0,0,0,0,0,0,0,0,0,0,0,0,0,0,0,0,0,0,0,0,0,0,,0000-00-00 00:00:00,0000-00-00 00:00:00
566,23,0,0,1155,4,0,,,Neutral B (air),,0,0,0,0,0,0,0,0,0,0,0,0,0,0,0,0,0,0,0,0,0,0,0,0,0,0,0,0,0,0,0,0,,0000-00-00 00:00:00,0000-00-00 00:00:00
567,23,0,0,1158,1,1,,,Up Air,,0,0,4,0,0,0,0,0,0,0,0,0,0,0,0,0,0,0,0,0,0,0,0,0,0,0,0,0,0,0,0,0,,0000-00-00 00:00:00,0000-00-00 00:00:00
568,23,0,0,1157,2,1,,,Up Smash,,0,0,3,0,0,0,0,0,0,0,0,0,0,0,0,0,0,0,0,0,0,0,0,0,0,0,0,0,0,0,0,0,,0000-00-00 00:00:00,0000-00-00 00:00:00
569,24,0,0,1162,5,5,1,,Jab 1,,0,0,1,0,0,0,0,0,0,0,0,0,0,0,0,0,0,0,0,0,0,0,0,0,0,0,0,0,0,0,0,0,,0000-00-00 00:00:00,0000-00-00 00:00:00
570,24,0,0,1166,3,1,,,Up Tilt,,0,0,2,0,0,0,0,0,0,0,0,0,0,0,0,0,0,0,0,0,0,0,0,0,0,0,0,0,0,0,0,0,,0000-00-00 00:00:00,0000-00-00 00:00:00
571,24,0,0,1165,3,2,,,Forward Tilt,,0,0,2,0,0,0,0,0,0,0,0,0,0,0,0,0,0,0,0,0,0,0,0,0,0,0,0,0,0,0,0,0,,0000-00-00 00:00:00,0000-00-00 00:00:00
572,24,0,0,1164,3,3,,,Down Tilt,,0,0,2,0,0,0,0,0,0,0,0,0,0,0,0,0,0,0,0,0,0,0,0,0,0,0,0,0,0,0,0,0,,0000-00-00 00:00:00,0000-00-00 00:00:00
573,24,0,0,1169,2,1,,,Up Smash,,0,0,3,0,0,0,0,0,0,0,0,0,0,0,0,0,0,0,0,0,0,0,0,0,0,0,0,0,0,0,0,0,,0000-00-00 00:00:00,0000-00-00 00:00:00
574,24,0,0,1179,4,4,,,Backwards Roll,,0,0,6,0,0,0,0,0,0,0,0,0,0,0,0,0,0,0,0,0,0,0,0,0,0,0,0,0,0,0,0,0,,0000-00-00 00:00:00,0000-00-00 00:00:00
575,24,0,0,1174,1,1,,,Up Air,,0,0,4,0,0,0,0,0,0,0,0,0,0,0,0,0,0,0,0,0,0,0,0,0,0,0,0,0,0,0,0,0,,0000-00-00 00:00:00,0000-00-00 00:00:00
576,24,0,0,1163,5,5,2,,Jab 2,,0,0,1,0,0,0,0,0,0,0,0,0,0,0,0,0,0,0,0,0,0,0,0,0,0,0,0,0,0,0,0,0,,0000-00-00 00:00:00,0000-00-00 00:00:00
577,24,0,0,1175,6,5,,,Dash Attack,,0,0,5,0,0,0,0,0,0,0,0,0,0,0,0,0,0,0,0,0,0,0,0,0,0,0,0,0,0,0,0,0,,0000-00-00 00:00:00,0000-00-00 00:00:00
578,24,0,0,1168,2,2,,,Forward Smash,,0,0,3,0,0,0,0,0,0,0,0,0,0,0,0,0,0,0,0,0,0,0,0,0,0,0,0,0,0,0,0,0,,0000-00-00 00:00:00,0000-00-00 00:00:00
579,24,0,0,1167,2,3,,,Down Smash,,0,0,3,0,0,0,0,0,0,0,0,0,0,0,0,0,0,0,0,0,0,0,0,0,0,0,0,0,0,0,0,0,,0000-00-00 00:00:00,0000-00-00 00:00:00
580,24,0,0,1177,7,0,,,Standing Grab,,0,0,5,0,0,0,0,0,0,0,0,0,0,0,0,0,0,0,0,0,0,0,0,0,0,0,0,0,0,0,0,0,,0000-00-00 00:00:00,0000-00-00 00:00:00
581,24,0,0,1159,4,3,,,Down B,,0,0,0,0,0,0,0,0,0,0,0,0,0,0,0,0,0,0,0,0,0,0,0,0,0,0,0,0,0,0,0,0,,0000-00-00 00:00:00,0000-00-00 00:00:00
582,24,0,0,1178,1,5,,,Air Dodge,,0,0,6,0,0,0,0,0,0,0,0,0,0,0,0,0,0,0,0,0,0,0,0,0,0,0,0,0,0,0,0,0,,0000-00-00 00:00:00,0000-00-00 00:00:00
583,24,0,0,1171,1,3,,,Down Air,,0,0,4,0,0,0,0,0,0,0,0,0,0,0,0,0,0,0,0,0,0,0,0,0,0,0,0,0,0,0,0,0,,0000-00-00 00:00:00,0000-00-00 00:00:00
584,24,0,0,1170,1,4,,,Back Air,,0,0,4,0,0,0,0,0,0,0,0,0,0,0,0,0,0,0,0,0,0,0,0,0,0,0,0,0,0,0,0,0,,0000-00-00 00:00:00,0000-00-00 00:00:00
585,24,0,0,1176,7,2,,,Running Grab,,0,0,5,0,0,0,0,0,0,0,0,0,0,0,0,0,0,0,0,0,0,0,0,0,0,0,0,0,0,0,0,0,,0000-00-00 00:00:00,0000-00-00 00:00:00
586,24,0,0,1160,4,0,,,Neutral B,,0,0,0,0,0,0,0,0,0,0,0,0,0,0,0,0,0,0,0,0,0,0,0,0,0,0,0,0,0,0,0,0,,0000-00-00 00:00:00,0000-00-00 00:00:00
587,24,0,0,1161,4,1,,,Up B,,0,0,0,0,0,0,0,0,0,0,0,0,0,0,0,0,0,0,0,0,0,0,0,0,0,0,0,0,0,0,0,0,,0000-00-00 00:00:00,0000-00-00 00:00:00
588,24,0,0,1172,1,2,,,Forward Air,,0,0,4,0,0,0,0,0,0,0,0,0,0,0,0,0,0,0,0,0,0,0,0,0,0,0,0,0,0,0,0,0,,0000-00-00 00:00:00,0000-00-00 00:00:00
589,24,0,0,1180,8,5,,,Dodge,,0,0,6,0,0,0,0,0,0,0,0,0,0,0,0,0,0,0,0,0,0,0,0,0,0,0,0,0,0,0,0,0,,0000-00-00 00:00:00,0000-00-00 00:00:00
590,24,0,0,1173,1,0,,,Neutral Air,,0,0,4,0,0,0,0,0,0,0,0,0,0,0,0,0,0,0,0,0,0,0,0,0,0,0,0,0,0,0,0,0,,0000-00-00 00:00:00,0000-00-00 00:00:00
591,24,0,0,1181,9,2,,,Forward Roll,,0,0,6,0,0,0,0,0,0,0,0,0,0,0,0,0,0,0,0,0,0,0,0,0,0,0,0,0,0,0,0,0,,0000-00-00 00:00:00,0000-00-00 00:00:00
592,25,0,0,1833,4,1,,,Up B (Ground),,0,0,0,0,0,0,0,0,0,0,0,0,0,0,0,0,0,0,0,0,0,0,0,0,0,0,0,0,0,0,0,0,,0000-00-00 00:00:00,0000-00-00 00:00:00
593,25,0,0,1184,5,5,2,,Jab 2,,0,0,1,0,0,0,0,0,0,0,0,0,0,0,0,0,0,0,0,0,0,0,0,0,0,0,0,0,0,0,0,0,,0000-00-00 00:00:00,0000-00-00 00:00:00
594,25,0,0,1196,1,1,,,Up Air,,0,0,4,0,0,0,0,0,0,0,0,0,0,0,0,0,0,0,0,0,0,0,0,0,0,0,0,0,0,0,0,0,,0000-00-00 00:00:00,0000-00-00 00:00:00
595,25,0,0,1192,1,4,,,Back Air,,0,0,4,0,0,0,0,0,0,0,0,0,0,0,0,0,0,0,0,0,0,0,0,0,0,0,0,0,0,0,0,0,,0000-00-00 00:00:00,0000-00-00 00:00:00
596,25,0,0,1186,3,3,,,Down Tilt,,0,0,2,0,0,0,0,0,0,0,0,0,0,0,0,0,0,0,0,0,0,0,0,0,0,0,0,0,0,0,0,0,,0000-00-00 00:00:00,0000-00-00 00:00:00
597,25,0,0,1204,9,2,,,Forward Roll,,0,0,6,0,0,0,0,0,0,0,0,0,0,0,0,0,0,0,0,0,0,0,0,0,0,0,0,0,0,0,0,0,,0000-00-00 00:00:00,0000-00-00 00:00:00
598,25,0,0,1202,4,4,,,Backwards Roll,,0,0,6,0,0,0,0,0,0,0,0,0,0,0,0,0,0,0,0,0,0,0,0,0,0,0,0,0,0,0,0,0,,0000-00-00 00:00:00,0000-00-00 00:00:00
599,25,0,0,1201,1,5,,,Air Dodge,,0,0,6,0,0,0,0,0,0,0,0,0,0,0,0,0,0,0,0,0,0,0,0,0,0,0,0,0,0,0,0,0,,0000-00-00 00:00:00,0000-00-00 00:00:00
600,25,0,0,1197,1,5,,,Z Air,,0,0,4,0,0,0,0,0,0,0,0,0,0,0,0,0,0,0,0,0,0,0,0,0,0,0,0,0,0,0,0,0,,0000-00-00 00:00:00,0000-00-00 00:00:00
601,25,0,0,1194,1,2,,,Forward Air,,0,0,4,0,0,0,0,0,0,0,0,0,0,0,0,0,0,0,0,0,0,0,0,0,0,0,0,0,0,0,0,0,,0000-00-00 00:00:00,0000-00-00 00:00:00
602,25,0,0,1836,4,0,,,Neutral B,,0,0,0,0,0,0,0,0,0,0,0,0,0,0,0,0,0,0,0,0,0,0,0,0,0,0,0,0,0,0,0,0,,0000-00-00 00:00:00,0000-00-00 00:00:00
603,25,0,0,1835,1,1,,,Up B (Air),,0,0,0,0,0,0,0,0,0,0,0,0,0,0,0,0,0,0,0,0,0,0,0,0,0,0,0,0,0,0,0,0,,0000-00-00 00:00:00,0000-00-00 00:00:00
604,25,0,0,1195,1,0,,,Neutral Air,,0,0,4,0,0,0,0,0,0,0,0,0,0,0,0,0,0,0,0,0,0,0,0,0,0,0,0,0,0,0,0,0,,0000-00-00 00:00:00,0000-00-00 00:00:00
605,25,0,0,1187,3,2,,,Forward Tilt,,0,0,2,0,0,0,0,0,0,0,0,0,0,0,0,0,0,0,0,0,0,0,0,0,0,0,0,0,0,0,0,0,,0000-00-00 00:00:00,0000-00-00 00:00:00
606,25,0,0,1183,5,5,1,,Jab 1,,0,0,1,0,0,0,0,0,0,0,0,0,0,0,0,0,0,0,0,0,0,0,0,0,0,0,0,0,0,0,0,0,,0000-00-00 00:00:00,0000-00-00 00:00:00
607,25,0,0,1834,4,0,,,Neutral B (Charging),,0,0,0,0,0,0,0,0,0,0,0,0,0,0,0,0,0,0,0,0,0,0,0,0,0,0,0,0,0,0,0,0,,0000-00-00 00:00:00,0000-00-00 00:00:00
608,25,0,0,1182,4,3,,,Down B,,0,0,0,0,0,0,0,0,0,0,0,0,0,0,0,0,0,0,0,0,0,0,0,0,0,0,0,0,0,0,0,0,,0000-00-00 00:00:00,0000-00-00 00:00:00
609,25,0,0,1838,4,2,,,Forward B (Start),,0,0,0,0,0,0,0,0,0,0,0,0,0,0,0,0,0,0,0,0,0,0,0,0,0,0,0,0,0,0,0,0,,0000-00-00 00:00:00,0000-00-00 00:00:00
610,25,0,0,1837,4,2,,,Forward B (End),,0,0,0,0,0,0,0,0,0,0,0,0,0,0,0,0,0,0,0,0,0,0,0,0,0,0,0,0,0,0,0,0,,0000-00-00 00:00:00,0000-00-00 00:00:00
611,25,0,0,1198,6,5,,,Dash Attack,,0,0,5,0,0,0,0,0,0,0,0,0,0,0,0,0,0,0,0,0,0,0,0,0,0,0,0,0,0,0,0,0,,0000-00-00 00:00:00,0000-00-00 00:00:00
612,25,0,0,1199,7,2,,,Running Grab,,0,0,5,0,0,0,0,0,0,0,0,0,0,0,0,0,0,0,0,0,0,0,0,0,0,0,0,0,0,0,0,0,,0000-00-00 00:00:00,0000-00-00 00:00:00
613,25,0,0,1193,1,3,,,Down Air,,0,0,4,0,0,0,0,0,0,0,0,0,0,0,0,0,0,0,0,0,0,0,0,0,0,0,0,0,0,0,0,0,,0000-00-00 00:00:00,0000-00-00 00:00:00
614,25,0,0,1189,2,3,,,Down Smash,,0,0,3,0,0,0,0,0,0,0,0,0,0,0,0,0,0,0,0,0,0,0,0,0,0,0,0,0,0,0,0,0,,0000-00-00 00:00:00,0000-00-00 00:00:00
615,25,0,0,1190,2,2,,,Forward Smash,,0,0,3,0,0,0,0,0,0,0,0,0,0,0,0,0,0,0,0,0,0,0,0,0,0,0,0,0,0,0,0,0,,0000-00-00 00:00:00,0000-00-00 00:00:00
616,25,0,0,1200,7,0,,,Standing Grab,,0,0,5,0,0,0,0,0,0,0,0,0,0,0,0,0,0,0,0,0,0,0,0,0,0,0,0,0,0,0,0,0,,0000-00-00 00:00:00,0000-00-00 00:00:00
617,25,0,0,1185,5,5,3,,Jab 3,,0,0,1,0,0,0,0,0,0,0,0,0,0,0,0,0,0,0,0,0,0,0,0,0,0,0,0,0,0,0,0,0,,0000-00-00 00:00:00,0000-00-00 00:00:00
618,25,0,0,1203,8,5,,,Dodge,,0,0,6,0,0,0,0,0,0,0,0,0,0,0,0,0,0,0,0,0,0,0,0,0,0,0,0,0,0,0,0,0,,0000-00-00 00:00:00,0000-00-00 00:00:00
619,25,0,0,1191,2,1,,,Up Smash,,0,0,3,0,0,0,0,0,0,0,0,0,0,0,0,0,0,0,0,0,0,0,0,0,0,0,0,0,0,0,0,0,,0000-00-00 00:00:00,0000-00-00 00:00:00
620,25,0,0,1188,3,1,,,Up Tilt,,0,0,2,0,0,0,0,0,0,0,0,0,0,0,0,0,0,0,0,0,0,0,0,0,0,0,0,0,0,0,0,0,,0000-00-00 00:00:00,0000-00-00 00:00:00
621,26,0,0,1213,3,1,,,Up Tilt,,0,0,3,0,0,0,0,0,0,0,0,0,0,0,0,0,0,0,0,0,0,0,0,0,0,0,0,0,0,0,0,0,,0000-00-00 00:00:00,0000-00-00 00:00:00
622,26,0,0,1210,2,3,,,Down Smash,,0,0,3,0,0,0,0,0,0,0,0,0,0,0,0,0,0,0,0,0,0,0,0,0,0,0,0,0,0,0,0,0,,0000-00-00 00:00:00,0000-00-00 00:00:00
623,26,0,0,1206,4,2,,,Forward B,,0,0,0,0,0,0,0,0,0,0,0,0,0,0,0,0,0,0,0,0,0,0,0,0,0,0,0,0,0,0,0,0,,0000-00-00 00:00:00,0000-00-00 00:00:00
624,26,0,0,1224,4,4,,,Backwards Roll,,0,0,6,0,0,0,0,0,0,0,0,0,0,0,0,0,0,0,0,0,0,0,0,0,0,0,0,0,0,0,0,0,,0000-00-00 00:00:00,0000-00-00 00:00:00
625,26,0,0,1218,1,0,,,Neutral Air,,0,0,4,0,0,0,0,0,0,0,0,0,0,0,0,0,0,0,0,0,0,0,0,0,0,0,0,0,0,0,0,0,,0000-00-00 00:00:00,0000-00-00 00:00:00
626,26,0,0,1205,4,3,,,Down B,,0,0,0,0,0,0,0,0,0,0,0,0,0,0,0,0,0,0,0,0,0,0,0,0,0,0,0,0,0,0,0,0,,0000-00-00 00:00:00,0000-00-00 00:00:00
627,26,0,0,1223,1,5,,,Air Dodge,,0,0,6,0,0,0,0,0,0,0,0,0,0,0,0,0,0,0,0,0,0,0,0,0,0,0,0,0,0,0,0,0,,0000-00-00 00:00:00,0000-00-00 00:00:00
628,26,0,0,1226,9,2,,,Forward Roll,,0,0,6,0,0,0,0,0,0,0,0,0,0,0,0,0,0,0,0,0,0,0,0,0,0,0,0,0,0,0,0,0,,0000-00-00 00:00:00,0000-00-00 00:00:00
629,26,0,0,1222,7,0,,,Standing Grab,,0,0,5,0,0,0,0,0,0,0,0,0,0,0,0,0,0,0,0,0,0,0,0,0,0,0,0,0,0,0,0,0,,0000-00-00 00:00:00,0000-00-00 00:00:00
630,26,0,0,1214,1,4,,,Back Air,,0,0,4,0,0,0,0,0,0,0,0,0,0,0,0,0,0,0,0,0,0,0,0,0,0,0,0,0,0,0,0,0,,0000-00-00 00:00:00,0000-00-00 00:00:00
631,26,0,0,1217,1,2,,,Forward Air,,0,0,4,0,0,0,0,0,0,0,0,0,0,0,0,0,0,0,0,0,0,0,0,0,0,0,0,0,0,0,0,0,,0000-00-00 00:00:00,0000-00-00 00:00:00
632,26,0,0,1221,7,2,,,Running Grab,,0,0,5,0,0,0,0,0,0,0,0,0,0,0,0,0,0,0,0,0,0,0,0,0,0,0,0,0,0,0,0,0,,0000-00-00 00:00:00,0000-00-00 00:00:00
633,26,0,0,1215,1,3,,,Down Air,,0,0,4,0,0,0,0,0,0,0,0,0,0,0,0,0,0,0,0,0,0,0,0,0,0,0,0,0,0,0,0,0,,0000-00-00 00:00:00,0000-00-00 00:00:00
634,26,0,0,1207,4,0,,,Neutral B,,0,0,0,0,0,0,0,0,0,0,0,0,0,0,0,0,0,0,0,0,0,0,0,0,0,0,0,0,0,0,0,0,,0000-00-00 00:00:00,0000-00-00 00:00:00
635,26,0,0,1219,1,1,,,Up Air,,0,0,4,0,0,0,0,0,0,0,0,0,0,0,0,0,0,0,0,0,0,0,0,0,0,0,0,0,0,0,0,0,,0000-00-00 00:00:00,0000-00-00 00:00:00
636,26,0,0,1216,3,3,,,Down Tilt,,0,0,4,0,0,0,0,0,0,0,0,0,0,0,0,0,0,0,0,0,0,0,0,0,0,0,0,0,0,0,0,0,,0000-00-00 00:00:00,0000-00-00 00:00:00
637,26,0,0,1220,6,5,,,Dash Attack,,0,0,5,0,0,0,0,0,0,0,0,0,0,0,0,0,0,0,0,0,0,0,0,0,0,0,0,0,0,0,0,0,,0000-00-00 00:00:00,0000-00-00 00:00:00
638,26,0,0,1211,2,2,,,Forward Smash,,0,0,3,0,0,0,0,0,0,0,0,0,0,0,0,0,0,0,0,0,0,0,0,0,0,0,0,0,0,0,0,0,,0000-00-00 00:00:00,0000-00-00 00:00:00
639,26,0,0,1209,3,2,,,Forward Tilt,,0,0,2,0,0,0,0,0,0,0,0,0,0,0,0,0,0,0,0,0,0,0,0,0,0,0,0,0,0,0,0,0,,0000-00-00 00:00:00,0000-00-00 00:00:00
640,26,0,0,1225,8,5,,,Dodge,,0,0,6,0,0,0,0,0,0,0,0,0,0,0,0,0,0,0,0,0,0,0,0,0,0,0,0,0,0,0,0,0,,0000-00-00 00:00:00,0000-00-00 00:00:00
641,26,0,0,1227,5,5,1,,Jab 1,,0,0,6,0,0,0,0,0,0,0,0,0,0,0,0,0,0,0,0,0,0,0,0,0,0,0,0,0,0,0,0,0,,0000-00-00 00:00:00,0000-00-00 00:00:00
642,26,0,0,1208,4,1,,,Up B,,0,0,0,0,0,0,0,0,0,0,0,0,0,0,0,0,0,0,0,0,0,0,0,0,0,0,0,0,0,0,0,0,,0000-00-00 00:00:00,0000-00-00 00:00:00
643,26,0,0,1212,2,1,,,Up Smash,,0,0,3,0,0,0,0,0,0,0,0,0,0,0,0,0,0,0,0,0,0,0,0,0,0,0,0,0,0,0,0,0,,0000-00-00 00:00:00,0000-00-00 00:00:00